项目URL,项目名称,采购人信息,项目金额
https://www.szggzy.com/jygg/details.html?contentId=19839059,2025年深圳市中小学图书管理员培训项目的采购公告,名称：深圳市教育信息技术中心地址：深圳市罗湖区清水河街道泥岗西路,1077000000
https://www.szggzy.com/jygg/details.html?contentId=19838408,深圳市公安局深汕特别合作区分局无人机操控员培训采购项目的采购公告,名称：深圳市公安局深汕特别合作区分局地址：深圳市深汕特别合作区赤石镇圆墩村,470000.00
https://www.szggzy.com/jygg/details.html?contentId=19838245,深圳市职业技能培训指导中心高训大厦物业管理项目（A）招标公告,名称：深圳市职业技能培训指导中心地址：广东省深圳市福田区福强路,3400000.00
https://www.szggzy.com/jygg/details.html?contentId=19836133,安全生产培训服务的采购公告,名称：广东省深圳监狱地址：深圳市坪山区金田路,196000.00
https://www.szggzy.com/jygg/details.html?contentId=19835996,2025年对口帮扶怀集县、陆丰市教育培训项目采购公告,名称：广东省深圳监狱地址：深圳市坪山区金田路,700000.00
https://www.szggzy.com/jygg/details.html?contentId=19836041,罗湖区2025年新教师岗前封闭式培训服务采购公告,名称：广东省深圳监狱地址：深圳市坪山区金田路,232619.00
https://www.szggzy.com/jygg/details.html?contentId=19835776,深圳证券交易所创业企业培训中心“2025-2027年培训中心视频录制集中采购（CGXZ-2024-058）”的采购公告,名称：广东省深圳监狱地址：深圳市坪山区金田路,1
https://www.szggzy.com/jygg/details.html?contentId=19835541,2025年少先队干部培训的采购公告,名称：广东省深圳监狱地址：深圳市坪山区金田路,3
https://www.szggzy.com/jygg/details.html?contentId=19835040,龙岗区2025年公益性职业技能培训（II组）服务采购（A）招标公告,名称：深圳市龙岗区人力资源服务中心地址：深圳市龙岗区龙城街道清林路,400000.00
https://www.szggzy.com/jygg/details.html?contentId=19835001,龙岗区2025年公益性职业技能培训（I组）服务采购（D）招标公告,名称：深圳市龙岗区人力资源服务中心地址：深圳市龙岗区龙城街道清林路,500000.00
https://www.szggzy.com/jygg/details.html?contentId=19834992,龙岗区2025年公益性职业技能培训（II组）服务采购（B）招标公告,名称：深圳市龙岗区人力资源服务中心地址：深圳市龙岗区龙城街道清林路,500000.00
https://www.szggzy.com/jygg/details.html?contentId=19834987,龙岗区2025年公益性职业技能培训（II组）服务采购（C）招标公告,名称：深圳市龙岗区人力资源服务中心地址：深圳市龙岗区龙城街道清林路,500000.00
https://www.szggzy.com/jygg/details.html?contentId=19835025,龙岗区2025年公益性职业技能培训（II组）服务采购（D）招标公告,名称：深圳市龙岗区人力资源服务中心地址：深圳市龙岗区龙城街道清林路,500000.00
https://www.szggzy.com/jygg/details.html?contentId=19835051,龙岗区2025年公益性职业技能培训（I组）服务采购（B）招标公告,名称：深圳市龙岗区人力资源服务中心地址：深圳市龙岗区龙城街道清林路,500000.00
https://www.szggzy.com/jygg/details.html?contentId=19835013,龙岗区2025年公益性职业技能培训（I组）服务采购（A）招标公告,名称：深圳市龙岗区人力资源服务中心地址：深圳市龙岗区龙城街道清林路,400000.00
https://www.szggzy.com/jygg/details.html?contentId=19832999,龙华区2025年驻深部队官兵无人机驾驶员培训项目的采购公告,名称：深圳市龙岗区人力资源服务中心地址：深圳市龙岗区龙城街道清林路,55000000
https://www.szggzy.com/jygg/details.html?contentId=19832510,福永街道“应急第一响应人”培训项目的采购公告,名称：深圳市龙岗区人力资源服务中心地址：深圳市龙岗区龙城街道清林路,400000.00
https://www.szggzy.com/jygg/details.html?contentId=19831497,深圳市深汕特别合作区2025年党政信息业务培训保障服务的采购公告,名称：深圳市龙岗区人力资源服务中心地址：深圳市龙岗区龙城街道清林路,2
https://www.szggzy.com/jygg/details.html?contentId=19831262,资本市场学院培训业务租车服务的采购公告,名称：资本市场学院地址：深圳市南山区西丽沁园二路,400000.00
https://www.szggzy.com/jygg/details.html?contentId=19829260,公明街道（公共服务办）开展2025年公明街道“南粤家政”职业技能培训活动项目采购公告,名称：资本市场学院地址：深圳市南山区西丽沁园二路,56960
https://www.szggzy.com/jygg/details.html?contentId=19831497,深圳市深汕特别合作区2025年党政信息业务培训保障服务的采购公告,未识别,2
https://www.szggzy.com/jygg/details.html?contentId=19831262,资本市场学院培训业务租车服务的采购公告,名称：资本市场学院地址：深圳市南山区西丽沁园二路,400000.00
https://www.szggzy.com/jygg/details.html?contentId=19829299,公明街道（公共服务办）开展2025年公明街道电工职业技能培训活动项目采购公告,名称：资本市场学院地址：深圳市南山区西丽沁园二路,63210
https://www.szggzy.com/jygg/details.html?contentId=19828036,深圳金融培训中心会务、设备维护服务项目的采购公告,名称：深圳金融培训中心地址：深圳市南山区西丽街道金融培训中心大厦,4028000000
https://www.szggzy.com/jygg/details.html?contentId=19825715,深圳市重点领域企业工伤预防能力提升培训项目的采购公告,名称：深圳市应急管理局地址：深圳市福田区市民中心联系人：刘贯骏联系电话：,5060000000
https://www.szggzy.com/jygg/details.html?contentId=19823282,深圳市龙华区2025年学校安全管理人员专题培训的采购公告,名称：深圳市应急管理局地址：深圳市福田区市民中心联系人：刘贯骏联系电话：,401155
https://www.szggzy.com/jygg/details.html?contentId=2508301,2025年宝安区燕罗街道半导体企业职业病防治知识技能培训项目的采购公告,名称：深圳市应急管理局地址：深圳市福田区市民中心联系人：刘贯骏联系电话：,150000.00
https://www.szggzy.com/jygg/details.html?contentId=2507786,深圳市重点领域企业工伤预防能力提升培训项目的采购公告,名称：深圳市应急管理局地址：深圳市福田区市民中心联系人：刘贯骏联系电话：,5060000000
https://www.szggzy.com/jygg/details.html?contentId=2505571,深圳市布心小学急救教育培训基地建设设备采购项目的采购公告,名称：深圳市布心小学地址：深圳市罗湖区东湖街道东乐路,220000.00
https://www.szggzy.com/jygg/details.html?contentId=2502845,“前海管理局2025年赴港培训”培训服务项目的采购公告,名称：深圳市前海深港现代服务业合作区管理局地址：深圳市南山区前海深港合作区桂湾五路,1
https://www.szggzy.com/jygg/details.html?contentId=2495276,2025年申请律师执业人员集中培训服务项目招标公告,名称：深圳市司法局地址：深圳市福田区景田路,1816000.00
https://www.szggzy.com/jygg/details.html?contentId=2494841,2025年度服务队骨干志愿者中级培训及团建活动的采购公告,名称：深圳市司法局地址：深圳市福田区景田路,2025
https://www.szggzy.com/jygg/details.html?contentId=2493562,关于购买光明区2025年“送培训进企业”公益职业技能培训服务的公告(实施购买前),名称：深圳市司法局地址：深圳市福田区景田路,300000
https://www.szggzy.com/jygg/details.html?contentId=2493088,2025年南山区应急管理局企业安全培训服务的采购公告,名称：深圳市南山区应急管理局地址：广东省深圳市南山区海德三道,550000
https://www.szggzy.com/jygg/details.html?contentId=2490661,深圳对口帮扶协作汕头2025年“千人培训计划”项目的采购公告,名称：深圳市南山区应急管理局地址：广东省深圳市南山区海德三道,5000000
https://www.szggzy.com/jygg/details.html?contentId=2490342,建筑从业人员安全教育培训（2025年度）的采购公告,名称：深圳市住房和建设局地址：深圳市福田区振华路,5000000000
https://www.szggzy.com/jygg/details.html?contentId=2489348,深圳对口帮扶协作潮州“千人培训计划”2025年项目的采购公告,名称：深圳市住房和建设局地址：深圳市福田区振华路,1998350.00
https://www.szggzy.com/jygg/details.html?contentId=2488457,梅林街道“应急第一响应人”培训及应急队伍一体化救援能力提升项目采购公告,名称：深圳市福田区梅林街道办事处地址：深圳市福田区梅华路,265470.00
https://www.szggzy.com/jygg/details.html?contentId=2481717,深圳市人事考试AI考务培训平台服务项目的采购公告,名称：深圳市考试院地址：深圳市福田区深南大道,3000000000
https://www.szggzy.com/jygg/details.html?contentId=2478205,深圳市光明区光明中学2025年游泳技能培训服务采购公告,名称：深圳市光明区光明中学地址：深圳市光明区光明街道碧园路,330400.00
https://www.szggzy.com/jygg/details.html?contentId=2476393,香港中文大学（深圳）教学培训用外科医疗机械人系统项目（A）招标公告,名称：香港中文大学（深圳）地址：深圳市龙岗区龙翔大道,9805000.00
https://www.szggzy.com/jygg/details.html?contentId=2475868,语文识字写字数字化资源教学平台培训服务项目采购公告,名称：香港中文大学（深圳）地址：深圳市龙岗区龙翔大道,220000.00
https://www.szggzy.com/jygg/details.html?contentId=2475872,CAAC多旋翼无人机驾驶员培训服务项目采购公告,名称：深圳市福田区应急管理局地址：深圳市福田区福民路福田区委区政府,81000.00
https://www.szggzy.com/jygg/details.html?contentId=2475476,2025年福田区学校管理者岗位胜任力提升培训（第二期）项目招标公告,采购人：深圳市福田区教师发展中心地址：深圳市福田区福田街道彩田路,560000.00
https://www.szggzy.com/jygg/details.html?contentId=2475482,2025年福田区财务后勤规范管理培训项目招标公告,名称：深圳市福田区教师发展中心地址：深圳市福田彩田路,735000.0
https://www.szggzy.com/jygg/details.html?contentId=2472204,燃气安全宣传教育培训（第二次招标）的采购公告,名称：深圳市住房和建设局地址：深圳市福田区振华路,30000
https://www.szggzy.com/jygg/details.html?contentId=2470681,梅林街道“应急第一响应人”培训及应急队伍一体化救援能力提升项目采购公告,名称：深圳市福田区梅林街道办事处地址：深圳市福田区梅华路,265470.00
https://www.szggzy.com/jygg/details.html?contentId=2469445,第九期适应新型教与学模式的先锋教师创新班培训项目（二次）的采购公告,名称：深圳市福田区梅林街道办事处地址：深圳市福田区梅华路,9
https://www.szggzy.com/jygg/details.html?contentId=2467001,深圳市不动产登记中心2025年业务能力提升培训的采购公告,名称：深圳市不动产登记中心地址：深圳市福田区彩田路,4000000000
https://www.szggzy.com/jygg/details.html?contentId=2464177,2025年龙华区退役军人服务中心（站） 工作人员培训项目的采购公告,名称：深圳市不动产登记中心地址：深圳市福田区彩田路,60000
https://www.szggzy.com/jygg/details.html?contentId=2463279,2025年宝安区低空经济技能人才培训项目（二次招标）的采购公告,名称：深圳市宝安区职业训练中心地址：深圳市宝安区新安街道新安二路,2000000000
https://www.szggzy.com/jygg/details.html?contentId=2461536,2025年民族传统手工艺提升培训服务项目   的采购公告,名称：深圳市深汕特别合作区统战和社会建设局地址：深圳市深汕特别合作区管委会仁和楼,68000.00
https://www.szggzy.com/jygg/details.html?contentId=2461479,第九期适应新型教与学模式的先锋教师创新班培训项目的采购公告,名称：深圳市教育信息技术中心地址：深圳市罗湖区清水河街道泥岗西路,500000.00
https://www.szggzy.com/jygg/details.html?contentId=2460923,深圳市深汕特别合作区总工会2025年工会预警信息员培训项目的采购公告,名称：深圳市教育信息技术中心地址：深圳市罗湖区清水河街道泥岗西路,90000
https://www.szggzy.com/jygg/details.html?contentId=2458847,2025年广东省住院医师规范化培训普通师资培训班的采购公告,名称：深圳市人民医院地址：深圳市东门北路,250000.00
https://www.szggzy.com/jygg/details.html?contentId=2456751,深汕特别合作区2025年工伤预防培训的采购公告,名称：深圳市深汕特别合作区统战和社会建设局地址：深圳市深汕特别合作区管委会仁和楼,137580.00
https://www.szggzy.com/jygg/details.html?contentId=2456410,深圳市深汕特别合作区总工会2025年工会预警信息员培训项目的采购公告,名称：深圳市深汕特别合作区统战和社会建设局地址：深圳市深汕特别合作区管委会仁和楼,4
https://www.szggzy.com/jygg/details.html?contentId=2456407,2025年宝安区低空经济技能人才培训项目的采购公告,名称：深圳市宝安区职业训练中心地址：深圳市宝安区新安街道新安二路,2000000000
https://www.szggzy.com/jygg/details.html?contentId=2456371,燃气安全宣传教育培训的采购公告,名称：深圳市住房和建设局地址：深圳市福田区振华路,30000
https://www.szggzy.com/jygg/details.html?contentId=2455576,2025年光明区文化馆“乐享艺术生活”公益文化艺术培训采购公告,名称：深圳市住房和建设局地址：深圳市福田区振华路,1
https://www.szggzy.com/jygg/details.html?contentId=2455576,2025年光明区文化馆“乐享艺术生活”公益文化艺术培训采购公告,未识别,1
https://www.szggzy.com/jygg/details.html?contentId=2454841,国际标准化人才培训基地技术支撑服务项目采购公告,名称：深圳市市场监督管理局地址：深圳市福田区深南大道,300001.00
https://www.szggzy.com/jygg/details.html?contentId=2453611,2025年度政务信息化项目咨询及培训服务项目采购公告,名称：深圳市市场监督管理局地址：深圳市福田区深南大道,474500.00
https://www.szggzy.com/jygg/details.html?contentId=2451133,综合高中课程培训项目招标公告,名称：深圳元平特殊教育学校地址：深圳市龙岗区布吉街道西环路,360000.00
https://www.szggzy.com/jygg/details.html?contentId=2447750,技能人才培训补贴服务项目招标公告,名称：深圳市职业技能培训指导中心地址：广东省深圳市福田区福强路,3
https://www.szggzy.com/jygg/details.html?contentId=2445815,2025年中国传统特色工艺课程培训服务项目招标公告,名称：深圳元平特殊教育学校地址：深圳市龙岗区布吉街道西环路,500000.00
https://www.szggzy.com/jygg/details.html?contentId=2445528,龙华区2025年春季退役军人全员适应性培训,名称：深圳元平特殊教育学校地址：深圳市龙岗区布吉街道西环路,203250.000
https://www.szggzy.com/jygg/details.html?contentId=2444641,2025年福田区学校管理者岗位胜任力提升培训（第一期）项目招标公告,名称：深圳市福田区教师发展中心地址：深圳市福田彩田路,267000.0
https://www.szggzy.com/jygg/details.html?contentId=2444619,2025年福田区责任督学培训项目采购公告,名称：深圳市福田区教师发展中心地址：深圳市福田区福田街道彩田路,2840000000.00
https://www.szggzy.com/jygg/details.html?contentId=2444535,2025年三八妇女节庆祝活动-插花培训询价采购公告,名称：深圳市福田区教师发展中心地址：深圳市福田区福田街道彩田路,15000
https://www.szggzy.com/jygg/details.html?contentId=2443352,教职工瑜伽培训项目采购公告,未识别,1
https://www.szggzy.com/jygg/details.html?contentId=2443361,学生葫芦丝民乐课程培训采购公告,未识别,1
https://www.szggzy.com/jygg/details.html?contentId=2443130,专科医师规范化培训项目招标公告,名称：深圳市卫生健康委员会地址：深南中路路新城大厦东座联系方式：仇小姐,3
https://www.szggzy.com/jygg/details.html?contentId=2442949,2024-2025学年第二学期学生科创社团培训项目采购公告,名称：深圳市卫生健康委员会地址：深南中路路新城大厦东座联系方式：仇小姐,7
https://www.szggzy.com/jygg/details.html?contentId=2442199,2024-2025学年第二学期学生国际象棋社团培训项目采购公告,名称：深圳市卫生健康委员会地址：深南中路路新城大厦东座联系方式：仇小姐,7
https://www.szggzy.com/jygg/details.html?contentId=2441174,南山区2025年幼儿园园长任职资格培训班项目采购公告,名称：深圳市卫生健康委员会地址：深南中路路新城大厦东座联系方式：仇小姐,870000.00
https://www.szggzy.com/jygg/details.html?contentId=2437711,开展学习贯彻党的二十届三中全会精神培训,名称：深圳市卫生健康委员会地址：深南中路路新城大厦东座联系方式：仇小姐,2
https://www.szggzy.com/jygg/details.html?contentId=2436134,深圳市公安局光明分局第十一批辅警初任培训场地服务保障项目招标公告,名称：深圳市公安局光明分局地址：广东省深圳市光明区光明街道科林路,3
https://www.szggzy.com/jygg/details.html?contentId=2435947,2025年全市养老服务从业人员培训服务采购公告,名称：深圳市公安局光明分局地址：广东省深圳市光明区光明街道科林路,1957350000.00
https://www.szggzy.com/jygg/details.html?contentId=2433518,深圳市宝安区中医院干部管理培训项目公开征集采购公告,名称：深圳市公安局光明分局地址：广东省深圳市光明区光明街道科林路,1520791
https://www.szggzy.com/jygg/details.html?contentId=2433427,服刑人员制衣岗位技能培训招标公告,名称：广东省深圳监狱地址：深圳市坪山区金田路,530000.00
https://www.szggzy.com/jygg/details.html?contentId=2432996,深圳市基建幼儿园教师课程培训采购项目招标公告,名称：深圳市基建幼儿园地址：深圳市福田区园岭五街四号联系人：温老师联系方式：,92800.00
https://www.szggzy.com/jygg/details.html?contentId=2432953,2025年深圳市干部履职能力培训项目（A）招标公告,名称：中共深圳市委组织部地址：深南中路市委大院前楼五楼联系方式：林先生,3
https://www.szggzy.com/jygg/details.html?contentId=2432641,体育场2025-2026年游泳培训服务项目招标公告,名称：深圳市福田区公共文化体育发展中心地址：福田区石厦街福田机关游泳场联系人：李工联系电话：,500
https://www.szggzy.com/jygg/details.html?contentId=2432209,关于对2025年深圳市干部履职能力培训项目招标文件征求意见的公告,名称：深圳市福田区公共文化体育发展中心地址：福田区石厦街福田机关游泳场联系人：李工联系电话：,6
https://www.szggzy.com/jygg/details.html?contentId=2431320,2025年度个人破产管理人业务培训项目采购公告,名称：深圳市破产事务管理署地址：深圳市福田区莲花街道益田路,1000000000
https://www.szggzy.com/jygg/details.html?contentId=2431335,深圳市公安局罗湖分局第十一批辅警初任培训服务采购项目招标公告,名称：深圳市公安局罗湖分局地址：罗湖区罗沙公路,3
https://www.szggzy.com/jygg/details.html?contentId=2429576,深圳市公安局龙岗分局辅警培训场地租赁及配套服务项目（A）招标公告,名称：深圳市公安局龙岗分局地址：深圳市龙岗区中心城德政路,3
https://www.szggzy.com/jygg/details.html?contentId=2414524,南方科技大学附属光明凤凰学校学生足球培训服务项目采购公告,名称：南方科技大学附属光明凤凰学校地址：深圳市光明区光明街道光侨大道,219840.000
https://www.szggzy.com/jygg/details.html?contentId=2414215,深圳市碧波小学2025年管乐团培训服务项目采购公告,名称：南方科技大学附属光明凤凰学校地址：深圳市光明区光明街道光侨大道,480000.00
https://www.szggzy.com/jygg/details.html?contentId=2414215,深圳市碧波小学2025年管乐团培训服务项目采购公告,未识别,480000.00
https://www.szggzy.com/jygg/details.html?contentId=2413270,深圳市碧波小学2025年管乐团培训服务项目采购公告,未识别,480000.00
https://www.szggzy.com/jygg/details.html?contentId=2411818,光明区校外培训机构督导服务项目采购公告,名称：深圳市光明区教育局地址：深圳市光明区牛山路公共服务平台,490000.00
https://www.szggzy.com/jygg/details.html?contentId=2410172,关于2025年大鹏新区党群服务中心党员教育培训相关项目的信息公开,名称：深圳市光明区教育局地址：深圳市光明区牛山路公共服务平台,290000
https://www.szggzy.com/jygg/details.html?contentId=2409945,第五批深圳市公立医院院长职业化培训定制课程 招标公告,名称：深圳市卫生健康能力建设和继续教育中心地址：深圳市罗湖区清水河三路,3
https://www.szggzy.com/jygg/details.html?contentId=2409328,服刑人员非遗工作室培训服务采购公告,名称：广东省深圳监狱地址：深圳市坪山区石井街道金田路,4000000000
https://www.szggzy.com/jygg/details.html?contentId=2406672,深圳大学培训手术超声骨刀采购（A）招标公告,名称：深圳大学地址：深圳市南山区南海大道,3
https://www.szggzy.com/jygg/details.html?contentId=2404698,服刑人员职业技术教育培训服务招标公告,名称：深圳大学地址：深圳市南山区南海大道,949800.00
https://www.szggzy.com/jygg/details.html?contentId=2397576,2024年深汕合作区鹅埠镇中心小学综合育人能力提升综合能力提升培训,名称：深圳大学地址：深圳市南山区南海大道,3
https://www.szggzy.com/jygg/details.html?contentId=2391624,深圳市残疾人职业康复及职业培训服务招标公告,名称：深圳市残疾人联合会地址：广东省深圳市罗湖区笋岗东路,13089622.00
https://www.szggzy.com/jygg/details.html?contentId=2387477,坪山区人力资源局坪山区国家级高技能人才培训基地培训评价资源开发服务项目采购公告(重新采购第1次),名称：深圳市坪山区人力资源局地址：广东省深圳市坪山区坪山街道坪山大道,3
https://www.szggzy.com/jygg/details.html?contentId=2383232,龙岗区职业培训学校校园物业管理服务采购采购公告,名称：深圳市龙岗区人力资源服务中心地址：深圳市龙岗区龙城街道清林路,3
https://www.szggzy.com/jygg/details.html?contentId=2382647,李松蓢学校校园足球项目培训服务招标公告,：名称：深圳市光明区李松蓢学校地址：深圳市光明区公明街道志康路,1000000000
https://www.szggzy.com/jygg/details.html?contentId=2381383,关于2024年企业研发投入辅导培训服务项目采购公告,名称：深圳市福田区科技和工业信息化局地址：深圳市福田区福民路,300000.00
https://www.szggzy.com/jygg/details.html?contentId=2381174,“深心健康”科普和培训平台采购项目招标公告,名称：中国医学科学院阜外医院深圳医院地址：深圳市南山区西丽街道朗山路,3080000000
https://www.szggzy.com/jygg/details.html?contentId=2378394,坪山区人力资源局坪山区国家级高技能人才培训基地高技能人才提升培训及成果交流展示项目采购公告,名称：深圳市坪山区人力资源局地址：广东省深圳市坪山区坪山街道坪山大道,3
https://www.szggzy.com/jygg/details.html?contentId=2377139,坪山区人力资源局坪山区国家级高技能人才培训基地培训评价资源开发服务项目采购公告,名称：深圳市坪山区人力资源局地址：广东省深圳市坪山区坪山街道坪山大道,3
https://www.szggzy.com/jygg/details.html?contentId=2375954,龙华区校外培训机构信息公示VI定制服务项目采购公告,名称：深圳市坪山区人力资源局地址：广东省深圳市坪山区坪山街道坪山大道,469380
https://www.szggzy.com/jygg/details.html?contentId=2374552,应急办开展2024年应急管理业务能力提升培训采购公告,名称：深圳市光明区玉塘街道办事处地址：广东省深圳市光明区玉塘街道田寮社区警民路,141000.00
https://www.szggzy.com/jygg/details.html?contentId=2372185,2024年度“再出发、再超越、再引领”干部业务培训班采购项目招标公告,名称：深圳市规划和自然资源局地址：深圳市福田区红荔西路,2025000000
https://www.szggzy.com/jygg/details.html?contentId=2369861,深圳大学微创手术培训系统采购公告,名称：深圳大学地址：深圳市南山区南海大道,3
https://www.szggzy.com/jygg/details.html?contentId=2367431,消防安全知识教育培训及综合治安宣传及消防、三防系列宣传活动服务项目招标公告,名称：深圳市公安局大鹏分局地址：深圳市大鹏新区葵涌街道土洋社区海景路,332660.00
https://www.szggzy.com/jygg/details.html?contentId=2366558,2024年深圳市现代渔业综合管理培训采购项目招标公告,名称：深圳市规划和自然资源局地址：深圳市福田区红荔西路,2025000000
https://www.szggzy.com/jygg/details.html?contentId=2364549,2024年福田区中学校领导任职资格培训项目招标公告,名称：深圳市福田区教师发展中心地址：深圳市福田区联系人：陈老师联系电话：,5600000000.00
https://www.szggzy.com/jygg/details.html?contentId=2363620,深圳市2023年度省级监管重点VOCs企业排放总量审核与培训辅导招标公告,：深圳市环境科学研究院联系人：钟工联系电话：,4000000000
https://www.szggzy.com/jygg/details.html?contentId=2363383,深圳市龙华区2024年退役军人电商培训,：深圳市环境科学研究院联系人：钟工联系电话：,158970
https://www.szggzy.com/jygg/details.html?contentId=2362310,福田区校外教育培训智能监控联网系统服务类项目采购公告,名称：深圳市福田区教育局地址：深圳市福田区新洲九街,5000000000
https://www.szggzy.com/jygg/details.html?contentId=2361269,南方科技大学附属光明凤凰学校教职工瑜伽培训项目采购公告,名称：深圳市福田区教育局地址：深圳市福田区新洲九街,14000
https://www.szggzy.com/jygg/details.html?contentId=2360332,综合行政执法办（行政执法组）开展2024年社区巡查整治业务培训项目（实施购买前）,名称：深圳市福田区教育局地址：深圳市福田区新洲九街,50000
https://www.szggzy.com/jygg/details.html?contentId=2360117,2024年光明区舆论宣传综合能力提升培训班采购公告,名称：中共深圳市光明区委宣传部地址：深圳市光明区广场路,93000.00
https://www.szggzy.com/jygg/details.html?contentId=2359583,2024年教师专业提升研修培训采购公告,未识别,176000
https://www.szggzy.com/jygg/details.html?contentId=2359190,临床技能培训课程及自主练习智能发布系统采购项目招标公告,名称：深圳市中医院地址：深圳市福田区福华路,5000000000
https://www.szggzy.com/jygg/details.html?contentId=2358991,关于政府购买光明区应急消防科普教育基地参观培训租车服务的公告(实施购买前)   ,名称：深圳市中医院地址：深圳市福田区福华路,2200
https://www.szggzy.com/jygg/details.html?contentId=2358146,2024年福田区小学校领导任职资格培训项目招标公告,名称：深圳市福田区教师发展中心地址：深圳市福田区联系人：陈老师联系电话：,7780000000.00
https://www.szggzy.com/jygg/details.html?contentId=2357054,深圳大学急救培训设备采购采购公告,名称：深圳市福田区教师发展中心地址：深圳市福田区联系人：陈老师联系电话：,650000.00
https://www.szggzy.com/jygg/details.html?contentId=2356954,深圳市南山区第二外国语学校（集团）青年干部“争锋行动”培训项目采购公告,名称：深圳市福田区教师发展中心地址：深圳市福田区联系人：陈老师联系电话：,300000
https://www.szggzy.com/jygg/details.html?contentId=2356464,龙华区2024年驻深部队官兵职业技能培训项目,名称：深圳市福田区教师发展中心地址：深圳市福田区联系人：陈老师联系电话：,300000
https://www.szggzy.com/jygg/details.html?contentId=2355349,警航专业人员培训（特警支队）采购项目招标公告,名称：深圳市公安局（本级）地址：深圳市罗湖区解放路,100000000000
https://www.szggzy.com/jygg/details.html?contentId=2355327,2024年教师专业提升研修培训采购公告,名称：深圳市公安局（本级）地址：深圳市罗湖区解放路,176000
https://www.szggzy.com/jygg/details.html?contentId=2355186,深圳市初中部分学科教师教研能力提升培训活动项目招标公告,名称：深圳市教育科学研究院地址：深圳市罗湖区泥岗西路,7071170000
https://www.szggzy.com/jygg/details.html?contentId=2355186,深圳市初中部分学科教师教研能力提升培训活动项目招标公告,名称：深圳市教育科学研究院地址：深圳市罗湖区泥岗西路,7071170000
https://www.szggzy.com/jygg/details.html?contentId=2354018,深圳市深汕特别合作区2024年退役军人适应性培训服务项目招标公告,名称：深圳市深汕特别合作区统战和社会建设局地址：深圳市深汕特别合作区管委会仁和楼,123250.00
https://www.szggzy.com/jygg/details.html?contentId=2352978,开展新闻采编业务培训采购公告,名称：深圳市光明区融媒体中心地址：深圳市光明区光明街道公共服务平台十楼联系方式：,12640.00
https://www.szggzy.com/jygg/details.html?contentId=2350136,关于李松蓢社区工联会龙舟培训系列活动采购公告,名称：深圳市光明区公明街道办事处地址：深圳市光明区公明街道金辉路,59910.00
https://www.szggzy.com/jygg/details.html?contentId=2349598,关于政府申请开展2024年综合行政执法 业务培训的公告 (实施购买前),名称：深圳市光明区公明街道办事处地址：深圳市光明区公明街道金辉路,100000
https://www.szggzy.com/jygg/details.html?contentId=2349224,2024年罗湖区教育帮扶培训项目采购公告,名称：深圳市光明区公明街道办事处地址：深圳市光明区公明街道金辉路,980000.00
https://www.szggzy.com/jygg/details.html?contentId=2348835,2024年市海洋领域部门领导和业务干部海洋发展专题培训采购项目招标公告,名称：深圳市规划和自然资源局地址：深圳市福田区红荔西路,2025000000
https://www.szggzy.com/jygg/details.html?contentId=2348765,2024年度土地整备业务知识培训采购公告,名称：深圳市光明区玉塘街道办事处地址：深圳市光明区警民路,153500
https://www.szggzy.com/jygg/details.html?contentId=2348095,龙岗区人民医院临床技能培训中心管理系统服务采购采购公告,名称：深圳市龙岗区人民医院地址：深圳市龙岗区龙城街道爱心路,3
https://www.szggzy.com/jygg/details.html?contentId=2346868,关于政府购买光明街道2024年两新党建 业务培训租车服务的公告 (实施购买前),名称：深圳市龙岗区人民医院地址：深圳市龙岗区龙城街道爱心路,4500
https://www.szggzy.com/jygg/details.html?contentId=2345778,深圳某部“五小工”技能培训服务项目询价公告,未识别,4
https://www.szggzy.com/jygg/details.html?contentId=2345695,航拍无人机设备及配套保险、培训采购项目（二次）,名称：城市安全发展科技研究院（深圳）地址：深圳市罗湖区清水河街道清水河社区清水河三路,57000.00
https://www.szggzy.com/jygg/details.html?contentId=2343976,深圳市公安局交通警察局辅警培训服务项目采购公告,名称：深圳市公安局交通警察局地址：福田区莲花支路,3
https://www.szggzy.com/jygg/details.html?contentId=2342632,福田区股份合作公司内控建设管理培训采购公告,名称：深圳市福田区财政局（集体资产管理局）地址：福田区福民路,246000
https://www.szggzy.com/jygg/details.html?contentId=2341809,2024年福田区学校管理者履职能力提升培训项目招标公告,名称：深圳市福田区教师发展中心地址：深圳市福田区联系人：陈老师联系电话：,3980000000.00
https://www.szggzy.com/jygg/details.html?contentId=2341818,福田区2025年新入职教师心理健康教育C证培训服务项目采购公告,名称：深圳市福田区教师发展中心地址：深圳市福田彩田路,448000.0
https://www.szggzy.com/jygg/details.html?contentId=2340996,光明区教育局购买学前英才“领雁工程”2024年培训服务采购公告,名称：深圳市光明区教育局地址：深圳市光明区公共服务平台,248730.00
https://www.szggzy.com/jygg/details.html?contentId=2340664,光明区教育局采购校外培训预付式资金监管宣传活动服务项目采购公告,名称：深圳市光明区教育局地址：深圳市光明区公共服务平台,59000.0
https://www.szggzy.com/jygg/details.html?contentId=2339695,综合行政执法办（行政执法组）开展2024年综合行政执法业务培训项目（实施购买前）,名称：深圳市光明区教育局地址：深圳市光明区公共服务平台,50000
https://www.szggzy.com/jygg/details.html?contentId=2338468,购买光明区公明街道公共服务办健身操、瑜伽、拉丁舞培训项目采购公告,名称：深圳市光明区教育局地址：深圳市光明区公共服务平台,40000.00
https://www.szggzy.com/jygg/details.html?contentId=2339695,综合行政执法办（行政执法组）开展2024年综合行政执法业务培训项目（实施购买前）,未识别,50000
https://www.szggzy.com/jygg/details.html?contentId=2338468,购买光明区公明街道公共服务办健身操、瑜伽、拉丁舞培训项目采购公告,未识别,40000.00
https://www.szggzy.com/jygg/details.html?contentId=2337355,航拍无人机设备及配套保险、培训采购项目采购公告,名称：城市安全发展科技研究院（深圳）地址：深圳市罗湖区清水河街道清水河社区清水河三路,57000.00
https://www.szggzy.com/jygg/details.html?contentId=2337274,2024年度职能部门能力提升培训服务项目招标公告,：名称：中国医学科学院阜外医院深圳医院联系人：赵工联系电话：,2020000000
https://www.szggzy.com/jygg/details.html?contentId=2334379,关于购买理论学习中心组培训服务的项目采购公告,名称：深圳市光明区玉塘街道办事处党政和人大办公室地址：深圳市光明区玉塘街道田寮社区警民路,1
https://www.szggzy.com/jygg/details.html?contentId=2334263,2024年福田区园岭教育集团教师专业素养提升培训项目招标公告,采购人：深圳市福田区园岭教育集团园岭小学地址：深圳市福田区园岭街道园岭新村二街,500000.00
https://www.szggzy.com/jygg/details.html?contentId=2332885,深圳市公安局盐田分局第十批辅警出人培训项目采购公告,采购人：深圳市福田区园岭教育集团园岭小学地址：深圳市福田区园岭街道园岭新村二街,900000
https://www.szggzy.com/jygg/details.html?contentId=2332873,营商办（经财组）2024年财政业务培训辅助服务采购公告（采购实施前）,采购人：深圳市福田区园岭教育集团园岭小学地址：深圳市福田区园岭街道园岭新村二街,106600.00
https://www.szggzy.com/jygg/details.html?contentId=2331990,深圳市公安局龙岗分局辅警培训场地租赁及配套服务项目采购公告,名称：深圳市公安局龙岗分局地址：深圳市龙岗区中心城德政路,3
https://www.szggzy.com/jygg/details.html?contentId=2331894,南方科技大学附属光明凤凰学校学生象棋培训服务采购公告,名称：深圳市公安局龙岗分局地址：深圳市龙岗区中心城德政路,33600
https://www.szggzy.com/jygg/details.html?contentId=2330335,2024年光明区“扫黄打非”系统业务骨干培训工作采购公告,名称：中共深圳市光明区委宣传部地址：深圳市光明区光明街道广场路,43950.00
https://www.szggzy.com/jygg/details.html?contentId=2329291,关于开展人大代表履职能力提升培训活动采购公告,名称：中共深圳市光明区委宣传部地址：深圳市光明区光明街道广场路,1
https://www.szggzy.com/jygg/details.html?contentId=2328130,深圳市盐田区港式社区医疗培训服务招标公告(重新采购第1次),名称：深圳市盐田区人民医院地址：深圳市盐田区沙头角梧桐路,1000000.00
https://www.szggzy.com/jygg/details.html?contentId=2326270,深圳市中医老年病质量控制中心培训会会务服务项目采购公告,名称：深圳市盐田区人民医院地址：深圳市盐田区沙头角梧桐路,70000.00
https://www.szggzy.com/jygg/details.html?contentId=2324226,关于政府开展光明街道2024年文明城市建设业务专题培训的公告 (实施购买前),名称：深圳市盐田区人民医院地址：深圳市盐田区沙头角梧桐路,88860
https://www.szggzy.com/jygg/details.html?contentId=2324072,光明区公明街道公共服务办广场健身操、拉丁舞、拉丁舞培训的项目采购公告,名称：深圳市盐田区人民医院地址：深圳市盐田区沙头角梧桐路,40000.00
https://www.szggzy.com/jygg/details.html?contentId=2321765,深圳市宝安区红十字会社会急救培训模型采购项目采购公告,名称：深圳市盐田区人民医院地址：深圳市盐田区沙头角梧桐路,1400000
https://www.szggzy.com/jygg/details.html?contentId=2315286,深圳市盐田区港式社区医疗培训服务招标公告,名称：深圳市盐田区人民医院地址：深圳市盐田区沙头角梧桐路,1000000.00
https://www.szggzy.com/jygg/details.html?contentId=2315085,AW139型直升机型别改装培训（特警支队）采购项目招标公告,名称：深圳市公安局（本级）地址：深圳市罗湖区解放路,200000000000
https://www.szggzy.com/jygg/details.html?contentId=2313912,深圳市深汕特别合作区2024年劳动法律法规培训服务项目,名称：深圳市深汕特别合作区统战和社会建设局地址：深圳市深汕特别合作区管委会仁和楼,156200.00
https://www.szggzy.com/jygg/details.html?contentId=2311999,特斯拉培训中心项目（重新招标）采购公告,采购人：深圳技师学院地址：广东省深圳市龙岗区五联社区将军帽路,100064000000
https://www.szggzy.com/jygg/details.html?contentId=2311987,福田区森林防灭火综合能力提升培训采购公告,名称：深圳市福田区应急管理局地址：深圳市福田区福民路福田区委区政府,400000.00
https://www.szggzy.com/jygg/details.html?contentId=2309006,深圳市宝安区红十字会社会急救培训模型采购项目采购公告,名称：深圳市福田区应急管理局地址：深圳市福田区福民路福田区委区政府,1400000
https://www.szggzy.com/jygg/details.html?contentId=2308984,2024年深圳市专科医师规范化培训项目招标公告,名称：深圳市卫生健康委员会地址：深圳市福田区新城大厦东座联系人：仇女士联系方式：,5379200.00
https://www.szggzy.com/jygg/details.html?contentId=2307906,深圳市职业学校教师素质提高培训项目采购公告(重新采购第1次),名称：深圳市教育局地址：深圳市教育局联系方式：,3
https://www.szggzy.com/jygg/details.html?contentId=2307171,大鹏新区2024年驻深部队官兵职业技能培训项目采购需求公告,名称：深圳市教育局地址：深圳市教育局联系方式：,295930.000
https://www.szggzy.com/jygg/details.html?contentId=2306020,深圳市宝安区天骄小学管弦乐团培训服务项目采购公告,名称：深圳市教育局地址：深圳市教育局联系方式：,190000
https://www.szggzy.com/jygg/details.html?contentId=2305845,2024年宝安区社区健康服务机构急诊急救原位模拟培训项目招标公告,名称：深圳市宝安区公共卫生服务中心地址：深圳市宝安区西乡街道前进二路,100060000000
https://www.szggzy.com/jygg/details.html?contentId=2305769,2024年罗湖区优化城市空间格局与城区品质提升专题培训班服务项目采购公告,名称：深圳市宝安区公共卫生服务中心地址：深圳市宝安区西乡街道前进二路,180000.00
https://www.szggzy.com/jygg/details.html?contentId=2301388,特斯拉培训中心项目采购公告,采购人：深圳技师学院地址：广东省深圳市龙岗区五联社区将军帽路,100064000000
https://www.szggzy.com/jygg/details.html?contentId=2301388,特斯拉培训中心项目采购公告,采购人：深圳技师学院地址：广东省深圳市龙岗区五联社区将军帽路,100064000000
https://www.szggzy.com/jygg/details.html?contentId=2299326,深圳市职业学校教师素质提高培训项目采购公告,名称：深圳市教育局地址：深圳市教育局联系方式：,3
https://www.szggzy.com/jygg/details.html?contentId=2299246,深圳市公安局光明分局第十批辅警初任培训场地服务保障项目招标公告,名称：深圳市公安局光明分局地址：广东省深圳市光明区科林路,1100000.00
https://www.szggzy.com/jygg/details.html?contentId=2298749,2024年深圳市专科医师规范化培训项目招标公告,名称：深圳市卫生健康委员会地址：深圳市福田区新城大厦东座联系人：仇女士联系方式：,5379200.00
https://www.szggzy.com/jygg/details.html?contentId=2294958,深圳市龙华区2024年校外培训规范治理专题培训采购公告,名称：深圳市卫生健康委员会地址：深圳市福田区新城大厦东座联系人：仇女士联系方式：,350955
https://www.szggzy.com/jygg/details.html?contentId=2294316,2024年全方位全口径融入式帮扶河源市源城区跟岗培训工作项目信息公开,名称：深圳市卫生健康委员会地址：深圳市福田区新城大厦东座联系人：仇女士联系方式：,550000
https://www.szggzy.com/jygg/details.html?contentId=2292568,光明区委党校培训物资采购采购公告,名称：深圳市卫生健康委员会地址：深圳市福田区新城大厦东座联系人：仇女士联系方式：,100000
https://www.szggzy.com/jygg/details.html?contentId=2289981,2024光明区理论学习秘书培训采购公告,名称：中共深圳市光明区委宣传部地址：深圳市光明区光明街道公共服务平台九楼联系方式：,11300.00
https://www.szggzy.com/jygg/details.html?contentId=2288754,深圳对口帮扶协作潮州“千人培训计划”项目采购公告,名称：深圳对口帮扶协作潮州指挥部地址：潮州市湘桥区枫春路,4
https://www.szggzy.com/jygg/details.html?contentId=2286613,关于购买光明区2024年“送培训进企业”公益职业技能培训服务的公告(实施购买前),名称：深圳对口帮扶协作潮州指挥部地址：潮州市湘桥区枫春路,330000
https://www.szggzy.com/jygg/details.html?contentId=2286256,深圳市龙华区2024年校外培训规范治理专题培训采购公告,未识别,350955
https://www.szggzy.com/jygg/details.html?contentId=2285194,2024年光明区公明中学校园足球项目培训服务采购公告,名称：深圳市光明区公明中学地址：深圳市光明新区公明办事处振明路公明中学联系方式：陈老师,150000
https://www.szggzy.com/jygg/details.html?contentId=2279712,2024年龙华区中小学校新教师培训项目采购公告,名称：深圳市光明区公明中学地址：深圳市光明新区公明办事处振明路公明中学联系方式：陈老师,363100
https://www.szggzy.com/jygg/details.html?contentId=2279564,深圳市2024年东部城市支持西部地区人才培训项招标公告,名称：深圳市乡村振兴和协作交流局地址：深圳市福田区莲花街道福中三路市民中心C区,1248400.00
https://www.szggzy.com/jygg/details.html?contentId=2279567,2024年暑期教师培训项目采购公告,名称：深圳市教育科学研究院实验学校（光明）地址：深圳市光明区新湖街道楼村社区三月风广场对面公常路旁联系方式：陈老师、,130000.00
https://www.szggzy.com/jygg/details.html?contentId=2278543,2024年公明街道公共服务办“粤菜师傅”-中式面点职业技能培训活动的项目采购公告,名称：深圳市教育科学研究院实验学校（光明）地址：深圳市光明区新湖街道楼村社区三月风广场对面公常路旁联系方式：陈老师、,30264.00
https://www.szggzy.com/jygg/details.html?contentId=2273638,深圳对口帮扶协作潮州“千人培训计划”项目采购公告,名称：深圳对口帮扶协作潮州指挥部地址：潮州市湘桥区枫春路,3
https://www.szggzy.com/jygg/details.html?contentId=2267776,党建工作办开展马田街道干部职工“扬帆计划”培训（实施采购前）,名称：深圳对口帮扶协作潮州指挥部地址：潮州市湘桥区枫春路,62315
https://www.szggzy.com/jygg/details.html?contentId=2267662,关于政府购买光明街道总工会参加能力 素质培训培训班租车服务的公告 (实施购买前),名称：深圳对口帮扶协作潮州指挥部地址：潮州市湘桥区枫春路,3000
https://www.szggzy.com/jygg/details.html?contentId=2266539,2024年教师培训资料汇编制作服务项目采购公告,名称：深圳市光明区教育科学研究院地址：广东省深圳市光明区新湖街道楼村社区三月风广场对面公常路旁北门门卫室内（光明区教科院）联系人：黄老师电话：,49100.00
https://www.szggzy.com/jygg/details.html?contentId=2262025,光明区2024年人大业务知识培训采购公告,未识别,0
https://www.szggzy.com/jygg/details.html?contentId=2261585,2024年福田区幼儿园“启航工程”新教师培训项目招标公告,名称：深圳市福田区学前教育发展中心地址：深圳市福田区新洲九街,2500000000.00
https://www.szggzy.com/jygg/details.html?contentId=2258472,2024年福田区幼儿园园长任职资格培训项目招标公告,名称：深圳市福田区学前教育发展中心地址：深圳市福田区新洲九街,4800000000.00
https://www.szggzy.com/jygg/details.html?contentId=2254997,2024年福田区中小学科研工作管理者能力培训项目采购公告,名称：深圳市福田区教师发展中心地址：深圳市福田彩田路,157000.0
https://www.szggzy.com/jygg/details.html?contentId=2254571,2024年园岭街道“应急第一响应人”培训考核服务项目采购公告,名称：深圳市福田区园岭街道办事处地址：深圳市福田区红荔路,210000
https://www.szggzy.com/jygg/details.html?contentId=2253432,深圳市光明区光明中学2024-2025学年高中美术特长生培训课程采购公告,名称：深圳市福田区园岭街道办事处地址：深圳市福田区红荔路,500
https://www.szggzy.com/jygg/details.html?contentId=2251902,沙头街道“应急第一响应人”培训服务项目自行采购公告,名称：深圳市福田区沙头街道办事处；地址：深圳市福田区新洲四街与九街交界处沙头街道应急管理中心,240000
https://www.szggzy.com/jygg/details.html?contentId=2250044,罗湖区应急管理局2024年“应急第一响应人”培训服务项目采购公告,名称：深圳市罗湖区应急管理局地址：深圳市罗湖区深南东路,3
https://www.szggzy.com/jygg/details.html?contentId=2248867,区公卫中心卫生专业技术人才培养计划（领智人才培训）项目采购公告,名称：深圳市宝安区公共卫生服务中心地址：深圳市宝安区前进二路,2650000.00
https://www.szggzy.com/jygg/details.html?contentId=2238041,福田区残疾人综合服务中心残疾人就业培训服务项目采购公告,名称：深圳市宝安区公共卫生服务中心地址：深圳市宝安区前进二路,300000
https://www.szggzy.com/jygg/details.html?contentId=2238041,福田区残疾人综合服务中心残疾人就业培训服务项目采购公告,未识别,300000
https://www.szggzy.com/jygg/details.html?contentId=2237457,2024年罗湖区中小学新入职教师培训项目采购公告,未识别,870000.00
https://www.szggzy.com/jygg/details.html?contentId=2236819,职业培训师项目制培训招标公告(重新采购第1次),名称：深圳市职业技能培训指导中心地址：深圳市福田区福强路,2000000.00
https://www.szggzy.com/jygg/details.html?contentId=2236505,荔园外国语小学教育集团教师培训服务项目招标公告,名称：深圳市福田区荔园外国语小学地址：深圳市福田区香蜜湖街道福田区红荔路,984000.00
https://www.szggzy.com/jygg/details.html?contentId=2235250,深圳市宝安区卫生健康局社会培训急救包采购项目采购公告,名称：深圳市宝安区卫生健康局地址：宝安区海秀路,3
https://www.szggzy.com/jygg/details.html?contentId=2233807,2024年罗湖区民政事务中心职业技能培训认定机构养老护理职业培训项目采购公告,名称：深圳市宝安区卫生健康局地址：宝安区海秀路,120000.00
https://www.szggzy.com/jygg/details.html?contentId=2212964,中共深圳市委宣传部2024年深圳市新闻发布工作专题培训班项目采购公告,名称：中共深圳市委宣传部地址：深南中路,3
https://www.szggzy.com/jygg/details.html?contentId=2211267,开展政协委员履职能力提升培训活动采购公告,名称：中共深圳市委宣传部地址：深南中路,1
https://www.szggzy.com/jygg/details.html?contentId=2208339,深圳市司法局2024年申请律师执业人员集中培训项目采购公告(重新采购第1次),名称：深圳市司法局地址：深圳市福田区景田路,3
https://www.szggzy.com/jygg/details.html?contentId=2204850,半导体与集成电路项目制培训采购项目招标公告,名称：深圳市职业技能培训指导中心地址：深圳市福田区福强路,50000000000
https://www.szggzy.com/jygg/details.html?contentId=2204675,新一代电子信息项目制培训招标公告,名称：深圳市职业技能培训指导中心地址：深圳市福田区福强路,5000000.00
https://www.szggzy.com/jygg/details.html?contentId=2204676,职业培训师项目制培训招标公告,名称：深圳市职业技能培训指导中心地址：深圳市福田区福强路,2000000.00
https://www.szggzy.com/jygg/details.html?contentId=2204646,智能建造和现代工程服务项目制培训招标公告,名称：深圳市职业技能培训指导中心地址：深圳市福田区福港路,2000000.00
https://www.szggzy.com/jygg/details.html?contentId=2204639,工业互联网项目制培训招标公告,名称：深圳市职业技能培训指导中心地址：深圳市福田区福港路,2000000.00
https://www.szggzy.com/jygg/details.html?contentId=2204614,人工智能项目制培训采购公告,名称：深圳市职业技能培训指导中心地址：深圳市福田区福港路,4000000.00
https://www.szggzy.com/jygg/details.html?contentId=2203213,2024年民办中小学教师培训招标公告,名称：深圳市教育局地址：深圳市福田区市民中心C区二层联系方式：裴老师,200040000000
https://www.szggzy.com/jygg/details.html?contentId=2194642,光明区教育局开展党务干部培训班采购公告,名称：深圳市教育局地址：深圳市福田区市民中心C区二层联系方式：裴老师,140000
https://www.szggzy.com/jygg/details.html?contentId=2194637,关于2024年大鹏新区教师培训活动信息公开,名称：深圳市教育局地址：深圳市福田区市民中心C区二层联系方式：裴老师,450000
https://www.szggzy.com/jygg/details.html?contentId=2193149,2024年福田区教育系统会计人员能力提升培训项目招标公告,名称：深圳市福田区教师发展中心地址：深圳市福田区联系人：杨老师联系电话：,2710000000.00
https://www.szggzy.com/jygg/details.html?contentId=2191204,"关于政府购买（“绿茵梦想,燃烧激情”青少年足球培训）服务的公告(实施购买前)",名称：深圳市福田区教师发展中心地址：深圳市福田区联系人：杨老师联系电话：,44385
https://www.szggzy.com/jygg/details.html?contentId=2190613,培训餐饮服务采购项目招标公告,名称：深圳市福田区社区健康服务管理中心地址：深圳市福田区福华路,300000.00
https://www.szggzy.com/jygg/details.html?contentId=2188724,关于大鹏新区开展油气库企业消防队伍培训和技能比武竞赛项目采购工作信息发布,名称：深圳市福田区社区健康服务管理中心地址：深圳市福田区福华路,40000
https://www.szggzy.com/jygg/details.html?contentId=2188030,工业机器人操作与运维培训与认证中心数字化升级采购公告,名称：深圳信息职业技术学院地址：广东省深圳市龙岗区龙城街道龙红格社区龙翔大道,400002000000
https://www.szggzy.com/jygg/details.html?contentId=2188031,深圳市司法局2024年申请律师执业人员集中培训项目采购公告,名称：深圳市司法局地址：深圳市福田区景田路,3
https://www.szggzy.com/jygg/details.html?contentId=2186888,龙岗区2024年公益性职业技能培训（II组）服务采购—粤菜师傅采购公告,名称：深圳市龙岗区人力资源服务中心地址：深圳市龙岗区龙城街道清林路,3
https://www.szggzy.com/jygg/details.html?contentId=2186885,龙岗区2024年公益性职业技能培训（II组）服务采购—智能制造采购公告,名称：深圳市龙岗区人力资源服务中心地址：深圳市龙岗区龙城街道清林路,3
https://www.szggzy.com/jygg/details.html?contentId=2186890,龙岗区2024年公益性职业技能培训（I组）服务采购-数字IT采购公告,名称：深圳市龙岗区人力资源服务中心地址：深圳市龙岗区龙城街道清林路,3
https://www.szggzy.com/jygg/details.html?contentId=2186891,龙岗区2024年公益性职业技能培训（I组）服务采购-低空经济采购公告,名称：深圳市龙岗区人力资源服务中心地址：深圳市龙岗区龙城街道清林路,3
https://www.szggzy.com/jygg/details.html?contentId=2186884,龙岗区2024年公益性职业技能培训（I组）服务采购-现代服务业采购公告,名称：深圳市龙岗区人力资源服务中心地址：深圳市龙岗区龙城街道清林路,3
https://www.szggzy.com/jygg/details.html?contentId=2186889,龙岗区2024年公益性职业技能培训（I组）服务采购-人工智能采购公告,名称：深圳市龙岗区人力资源服务中心地址：深圳市龙岗区龙城街道清林路,3
https://www.szggzy.com/jygg/details.html?contentId=2186536,光明区公明街道李松蓢社区《重塑女性形象培训课程项目》采购公告,未识别,0
https://www.szggzy.com/jygg/details.html?contentId=2186540,光明区公明街道李松蓢社区《“舞动心灵，青春激扬”舞蹈瑜伽培训班》采购公告,未识别,0
https://www.szggzy.com/jygg/details.html?contentId=2186544,光明区公明街道李松蓢社区《“小小音乐家”社区儿童乐器培训活动》采购公告,未识别,0
https://www.szggzy.com/jygg/details.html?contentId=2186534,光明区公明街道李松蓢社区《青少年舞动梦想系列培训课程项目》采购公告,未识别,0
https://www.szggzy.com/jygg/details.html?contentId=2186492,2024年新员工岗前培训用品包采购项目公开竞价公告,未识别,2
https://www.szggzy.com/jygg/details.html?contentId=2186123,关于2024年大鹏新区社区党组织书记基层治理专题培训班的信息公开,未识别,360000
https://www.szggzy.com/jygg/details.html?contentId=2186062,光明区公明街道公明社区工作站购买社区青少年游泳培训班采购公告,未识别,60000
https://www.szggzy.com/jygg/details.html?contentId=2183972,2024年上村社区民生微实事—青少年象棋培训活动采购公告,未识别,10000
https://www.szggzy.com/jygg/details.html?contentId=2183805,2024年福田区中小学教师人工智能赋能教育创新专题培训项目采购公告,名称：深圳市福田区教师发展中心地址：深圳市福田彩田路,660000
https://www.szggzy.com/jygg/details.html?contentId=2183346,关于光明区新湖街道机关工会点茶培训服务采购项目的公告(实施购买前),名称：深圳市福田区教师发展中心地址：深圳市福田彩田路,8070
https://www.szggzy.com/jygg/details.html?contentId=2182497,光明区公明街道西田社区“乐享生活·舞动人生”社区舞蹈培训活动采购公告,未识别,5
https://www.szggzy.com/jygg/details.html?contentId=2182483,关于政府购买（“挥毫青春 墨香未来”书法培训）服务的公告(实施购买前),未识别,51774
https://www.szggzy.com/jygg/details.html?contentId=2182485,关于政府购买（“健康之旋，舞动美好生活”——社区艺术培训项目）服务的公告(实施购买前),未识别,34188
https://www.szggzy.com/jygg/details.html?contentId=2179868,公明街道综合治理办公室购买公明街道2024年度楼栋长培训服务招标公告,名称：深圳市光明区公明街道综合治理办公室地址：光明区公明街道红花北路,99000.0
https://www.szggzy.com/jygg/details.html?contentId=2178690,公共服务办开展2024年公明街道电工职业技能培训活动的项目采购公告,名称：深圳市光明区公明街道综合治理办公室地址：光明区公明街道红花北路,116284.00
https://www.szggzy.com/jygg/details.html?contentId=2176303,深圳市公安局AW139型直升机外载荷作业飞行等培训项目征集公告,名称：深圳市公安局警务保障部地址：深圳市罗湖区解放路,500000.00
https://www.szggzy.com/jygg/details.html?contentId=2176302,深圳市福田区卫生监督所地铁行业工伤预防与职业健康培训项目采购公告,名称：深圳市公安局警务保障部地址：深圳市罗湖区解放路,275000.00
https://www.szggzy.com/jygg/details.html?contentId=2175737,光明区2024年度养老护理员职业技能及家庭护老者培训服务采购公告,名称：深圳市公安局警务保障部地址：深圳市罗湖区解放路,30000
https://www.szggzy.com/jygg/details.html?contentId=2173231,组织2024年度网格工作人员业务培训采购公告,名称：深圳市光明区凤凰街道综合治理办公室地址：深圳市光明区凤凰街道东坑社区东进路一号联系方式：许工,195088.0000
https://www.szggzy.com/jygg/details.html?contentId=2170484,选联任工委2024年人大业务提升培训班采购公告,名称：深圳市光明区凤凰街道综合治理办公室地址：深圳市光明区凤凰街道东坑社区东进路一号联系方式：许工,0
https://www.szggzy.com/jygg/details.html?contentId=2170212,深圳市机械制造行业触电及火灾事故工伤预防安全培训项目招标公告,名称：深圳市应急管理局地址：深圳市福田区市民中心C区西门五楼联系方式：,627000.0000000
https://www.szggzy.com/jygg/details.html?contentId=2167924,深圳市福田区卫生监督所地铁行业工伤预防与职业健康培训项目采购公告,名称：深圳市应急管理局地址：深圳市福田区市民中心C区西门五楼联系方式：,275000.00
https://www.szggzy.com/jygg/details.html?contentId=2164037,建筑从业人员安全教育培训（2024年度）采购项目招标公告,名称：深圳市住房和建设局地址：深圳市福田区振华路,10000000000
https://www.szggzy.com/jygg/details.html?contentId=2162302,公共服务办关于开展2024年公明街道电工职业技能培训活动的项目采购公告,名称：深圳市住房和建设局地址：深圳市福田区振华路,116284.00
https://www.szggzy.com/jygg/details.html?contentId=2162292,光明区总工会2024年度培训项目采购公告,名称：深圳市住房和建设局地址：深圳市福田区振华路,376900.00
https://www.szggzy.com/jygg/details.html?contentId=2161988,2024年东门街道急救培训项目采购公告,名称：深圳市住房和建设局地址：深圳市福田区振华路,273900.00
https://www.szggzy.com/jygg/details.html?contentId=2160433,“守护生命，‘救’在身边”急救技能培训竞争性谈判公告,名称：深圳市住房和建设局地址：深圳市福田区振华路,4
https://www.szggzy.com/jygg/details.html?contentId=2157688,（红星社区）2024年民生微实事生命守望--急救知识培训系列活动采购公告,名称：深圳市光明区玉塘街道红星社区工作站地址：深圳市光明区玉塘街道红星社区星湖路,1
https://www.szggzy.com/jygg/details.html?contentId=2157692,（红星社区）2024年民生微实事悦动红星，幸福舞起来--社区广场舞培训采购公告,名称：深圳市光明区玉塘街道红星社区工作站地址：深圳市光明区玉塘街道红星社区星湖路,1
https://www.szggzy.com/jygg/details.html?contentId=2157368,深圳市深汕特别合作区2024年“应急第一响应人”培训考核项目招标公告,：名称：深圳市深汕特别合作区应急管理局地址：深圳市深汕特别合作区鹅埠镇创富路区管委会文贞楼,10000
https://www.szggzy.com/jygg/details.html?contentId=2155916,2024年文化艺术类非学科校外培训机构项目采购公告,未识别,150000.00
https://www.szggzy.com/jygg/details.html?contentId=2155888,关于政府购买白花社区“我的科技梦--青少年航空科技模型培训项目”服务的公告,未识别,41772.5
https://www.szggzy.com/jygg/details.html?contentId=2155897,关于政府购买“白花社区星火传承服务队培训项目”服务的公告,未识别,43268
https://www.szggzy.com/jygg/details.html?contentId=2152444,田寮社区2024年民生微实事“问道跆拳 健体启智—青少年跆拳道培训”采购公告,名称：深圳市光明区玉塘街道田寮社区工作站地址：深圳市光明区玉塘街道田新路,1
https://www.szggzy.com/jygg/details.html?contentId=2152448,田寮社区2024年民生微实事“田寮社区青少年篮球培训”采购公告,名称：深圳市光明区玉塘街道田寮社区工作站地址：深圳市光明区玉塘街道田新路,1
https://www.szggzy.com/jygg/details.html?contentId=2151810,福保街道开展2024年应急第一响应人培训活动项目采购公告,名称：张小姐地址：深圳市福田区新洲南路石厦四街,280000
https://www.szggzy.com/jygg/details.html?contentId=2151353,2024年大鹏新区“应急第一响应人”培训考核服务项目信息发布,名称：张小姐地址：深圳市福田区新洲南路石厦四街,364800.00
https://www.szggzy.com/jygg/details.html?contentId=2151348,购买公明街道2024年网格管理队伍培训服务招标公告,名称：深圳市光明区公明街道综合治理办公室地址：光明区公明街道红花北路,279995.00
https://www.szggzy.com/jygg/details.html?contentId=2166223,公明一小2023-2024学年三年级游泳培训服务采购公告,名称：深圳市光明区公明街道综合治理办公室地址：光明区公明街道红花北路,120000
https://www.szggzy.com/jygg/details.html?contentId=2147368,2024年福田区义务教育阶段招生转学及学籍管理业务培训项目采购公告,名称：深圳市光明区公明街道综合治理办公室地址：光明区公明街道红花北路,2
https://www.szggzy.com/jygg/details.html?contentId=2147217,光明区凤凰城实验学校塘家幼儿园课程建设培训项目采购公告,单位名称：深圳市光明区凤凰城实验学校塘家幼儿园地址：深圳市光明区凤凰街道塘家社区第二工业区,106210.00
https://www.szggzy.com/jygg/details.html?contentId=2146646,2024年福田区幼儿园“赋能工程”园长培训项目招标公告,名称：深圳市福田区学前教育发展中心地址：深圳市福田区新洲九街,2495500000.00
https://www.szggzy.com/jygg/details.html?contentId=2146542,“乘风破浪 扬帆起航”青年职业技能培训采购公告,名称：深圳市光明区玉塘街道办事处地址：广东省深圳市光明区玉塘街道田寮社区警民路,1
https://www.szggzy.com/jygg/details.html?contentId=2142212,关于2024年度大鹏新区“文化超市”公益培训进社区项目信息公开,名称：深圳市光明区玉塘街道办事处地址：广东省深圳市光明区玉塘街道田寮社区警民路,400000
https://www.szggzy.com/jygg/details.html?contentId=2141413,2024年福田区中小学初任教师系列跟踪式培训项目采购公告,名称：深圳市福田区教师发展中心地址：深圳市福田彩田路,927000.0
https://www.szggzy.com/jygg/details.html?contentId=2140305,2024年福田区初中理化生学科教师实验教学能力提升培训项目招标公告,名称：深圳市福田区教师发展中心地址：深圳市福田区联系人：杨老师联系电话：,3860000000.00
https://www.szggzy.com/jygg/details.html?contentId=2140240,技能人才培训补贴服务项目招标公告,名称：深圳市职业技能培训指导中心地址：深圳市福田区福强路,2705100.00
https://www.szggzy.com/jygg/details.html?contentId=2139440,2024年光明区人大代表和人大系统工作者履职能力提升培训服务采购公告,名称：深圳市职业技能培训指导中心地址：深圳市福田区福强路,0
https://www.szggzy.com/jygg/details.html?contentId=2139355,关于政府购买“走进艺术的世界”社区青少年艺术培训项目服务的 公告,名称：深圳市职业技能培训指导中心地址：深圳市福田区福强路,44836
https://www.szggzy.com/jygg/details.html?contentId=2139035,公共服务办购买“YU时俱进”玉塘街道老年人数字化技能培训项目采购公告,联系人：董工名称：购买“YU时俱进”玉塘街道老年人数字化技能培训项目地址：深圳市光明区玉塘街道长圳社区安居鸣鹿苑南区g栋联系方式：,2
https://www.szggzy.com/jygg/details.html?contentId=2138302,深圳对口帮扶协作汕头“千人培训计划”项目采购公告,名称：深圳对口帮扶协作汕头指挥部地址：广东省汕头市金平区跃进路,4
https://www.szggzy.com/jygg/details.html?contentId=2138182,公共服务办开展2024年公明街道医疗护理职业技能培训活动的项目采购公告,名称：深圳对口帮扶协作汕头指挥部地址：广东省汕头市金平区跃进路,26965.00
https://www.szggzy.com/jygg/details.html?contentId=2138113,公共服务办2024年公明街道居家服务职业技能培训活动的项目采购公告,名称：深圳对口帮扶协作汕头指挥部地址：广东省汕头市金平区跃进路,40380.00
https://www.szggzy.com/jygg/details.html?contentId=2137238,深圳市宝安区融媒体中心2024年“宝安新市民教育培训宣传”服务采购公告,名称：深圳市宝安区融媒体中心地址：宝安区新安二路,2024
https://www.szggzy.com/jygg/details.html?contentId=2136555,福田区人力资源局劳动法律法规培训采购公告,名称：福田区人力资源局地址：福田区福民路,300000
https://www.szggzy.com/jygg/details.html?contentId=2091723,开展无人机航拍培训采购公告,名称：深圳市光明区融媒体中心地址：深圳市光明区光明街道公共服务平台十楼联系方式：,20000.00
https://www.szggzy.com/jygg/details.html?contentId=2082182,2024年深圳市中小学教师心理健康教育A证培训招标公告,名称：深圳市教育科学研究院地址：广东省深圳市罗湖区泥岗西路,1543680.000
https://www.szggzy.com/jygg/details.html?contentId=2090151,2024年春季退役士兵全员适应性培训采购公告,名称：深圳市教育科学研究院地址：广东省深圳市罗湖区泥岗西路,375200.00
https://www.szggzy.com/jygg/details.html?contentId=2096483,2024年光明中学游泳技能培训与游泳馆运行管理服务采购公告,名称：深圳市教育科学研究院地址：广东省深圳市罗湖区泥岗西路,500
https://www.szggzy.com/jygg/details.html?contentId=2094584,光明区公明街道应急管理办公室购买应急宣传教育技能培训服务采购公告,名称：深圳市光明区公明街道应急管理办公室地址：光明区公明街道望胜路,267700.00
https://www.szggzy.com/jygg/details.html?contentId=2096483,2024年光明中学游泳技能培训与游泳馆运行管理服务采购公告,未识别,500
https://www.szggzy.com/jygg/details.html?contentId=2094584,光明区公明街道应急管理办公室购买应急宣传教育技能培训服务采购公告,名称：深圳市光明区公明街道应急管理办公室地址：光明区公明街道望胜路,267700.00
https://www.szggzy.com/jygg/details.html?contentId=2131485,关于政府购买职途光明-光明街道2024年职业技能培训项目的公告  (实施购买前),名称：深圳市光明区公明街道应急管理办公室地址：光明区公明街道望胜路,196362
https://www.szggzy.com/jygg/details.html?contentId=2089512,校外教育培训监管科关于购买校外培训预付式资金监管等宣传材料制作服务采购公告,名称：深圳市光明区公明街道应急管理办公室地址：光明区公明街道望胜路,25900
https://www.szggzy.com/jygg/details.html?contentId=2089431,福田区人力资源局2024年“厚植匠心 技益福田”公益性职业技能培训——“南粤家政”育婴员培训服务采购公告,名称：深圳市福田区人力资源局地址：福田区福民路,200000
https://www.szggzy.com/jygg/details.html?contentId=2087700,福田区人力资源局2024年“厚植匠心 技益福田”公益性职业技能培训——“广东技工”建筑装饰模型技术员培训服务采购公告,名称：深圳市福田区人力资源局地址：福田区福民路,200000
https://www.szggzy.com/jygg/details.html?contentId=2089471,福田区人力资源局2024年“厚植匠心 技益福田”公益性职业技能培训——“广东技工”广告设计师培训服务项目采购公告,名称：深圳市福田区人力资源局地址：福田区福民路,200000
https://www.szggzy.com/jygg/details.html?contentId=2088302,福田区人力资源局2024年“厚植匠心 技益福田”公益性职业技能培训——“广东技工”服装设计及制作培训服务项目采购公告,名称：深圳市福田区人力资源局地址：福田区福民路,200000
https://www.szggzy.com/jygg/details.html?contentId=2088815,公明街道公共服务办购买2024年公明街道养老护理职业技能培训活动服务采购公告,名称：深圳市福田区人力资源局地址：福田区福民路,29695.00
https://www.szggzy.com/jygg/details.html?contentId=2092516,光明区文化馆2024年“乐享艺术生活”公益文化艺术培训招标公告,名称：深圳市福田区人力资源局地址：福田区福民路,900000
https://www.szggzy.com/jygg/details.html?contentId=2132695,关于政府购买“用太极哲理找到自己的幸福”太极拳培训活动项目服务的公告  (实施购买前),未识别,37296
https://www.szggzy.com/jygg/details.html?contentId=2095692,公明街道公共服务办购买2024年公明街道母婴护理职业技能培训活动服务采购公告,未识别,49096.00
https://www.szggzy.com/jygg/details.html?contentId=2092516,光明区文化馆2024年“乐享艺术生活”公益文化艺术培训招标公告,未识别,900000
https://www.szggzy.com/jygg/details.html?contentId=2131882,关于购买 “强信心 高质量 促发展”专题教育外出培训项目 的公告,未识别,70200
https://www.szggzy.com/jygg/details.html?contentId=2087772,2024年福田区教师培训导师学习指导力提升培训项目采购公告,未识别,2
https://www.szggzy.com/jygg/details.html?contentId=2091126,2024年福田区义务教育聚焦新教材实践新课标培训服务项目招标公告,名称：深圳市福田区教师发展中心地址：深圳市福田区联系人：杨老师联系方式：,8400000000.00
https://www.szggzy.com/jygg/details.html?contentId=2095700,2024年福田区融合教育理论与实践培训项目招标公告,名称：深圳市福田区教师发展中心地址：深圳市福田区联系人：杨老师联系电话：,3380000000.00
https://www.szggzy.com/jygg/details.html?contentId=2073870,深圳对口帮扶协作汕头“千人培训计划”项目采购公告,名称：深圳对口帮扶协作汕头指挥部地址：广东省汕头市金平区跃进路,3
https://www.szggzy.com/jygg/details.html?contentId=2093927,2024年光明区校外培训机构专项督导服务项目招标公告,名称：深圳对口帮扶协作汕头指挥部地址：广东省汕头市金平区跃进路,20000
https://www.szggzy.com/jygg/details.html?contentId=2088223,2024年福田区中小学校园安全专题培训项目采购公告,名称：深圳对口帮扶协作汕头指挥部地址：广东省汕头市金平区跃进路,2
https://www.szggzy.com/jygg/details.html?contentId=2065069,铁骑队员初任培训服务项目招标公告,名称：深圳市公安局交通警察局地址：深圳市福田区莲花支路,900020000000
https://www.szggzy.com/jygg/details.html?contentId=2062838,福田区教育局校外培训机构日常管理和巡查项目采购公告,名称：深圳市福田区教育局地址：深圳市福田区新洲九街,3
https://www.szggzy.com/jygg/details.html?contentId=2090610,2024年福田区中小学教师继续教育管理研修培训招标公告,名称：深圳市福田区教师发展中心地址：深圳市福田区联系人：杨老师联系方式：,2300000000.00
https://www.szggzy.com/jygg/details.html?contentId=2062056,2024年深圳市干部履职能力培训项目意见征集公告,名称：深圳市福田区教师发展中心地址：深圳市福田区联系人：杨老师联系方式：,6
https://www.szggzy.com/jygg/details.html?contentId=2124755,  关于政府购买2024年光明街道“南粤家政”工程  技能培训服务项目的公告  (实施购买前),名称：深圳市福田区教师发展中心地址：深圳市福田区联系人：杨老师联系方式：,100000
https://www.szggzy.com/jygg/details.html?contentId=2094397,南方科技大学附属光明凤凰学校学生足球培训项目采购公告,名称：南方科技大学附属光明凤凰学校地址：深圳市光明区光明街道光侨大道,240000
https://www.szggzy.com/jygg/details.html?contentId=2056369,深汕特别合作区2024年“应急第一响应人”培训考核项目询价公告,名称：南方科技大学附属光明凤凰学校地址：深圳市光明区光明街道光侨大道,1
https://www.szggzy.com/jygg/details.html?contentId=2051102,公益培训辅助管理项目招标公告,名称：深圳市职业技能培训指导中心地址：深圳市福田区福港路,1180000.00
https://www.szggzy.com/jygg/details.html?contentId=2090757,光明区楼村小学2024年校园足球项目培训服务采购公告,采购人：深圳市光明区楼村小学地址：深圳市光明区新湖街道楼村社区公常路,210000.00
https://www.szggzy.com/jygg/details.html?contentId=2049043,深汕特别合作区组织人事局关于采购2024年党内培训后勤保障服务项目,采购人：深圳市光明区楼村小学地址：深圳市光明区新湖街道楼村社区公常路,1
https://www.szggzy.com/jygg/details.html?contentId=2051102,公益培训辅助管理项目招标公告,名称：深圳市职业技能培训指导中心地址：深圳市福田区福港路,1180000.00
https://www.szggzy.com/jygg/details.html?contentId=2090757,光明区楼村小学2024年校园足球项目培训服务采购公告,采购人：深圳市光明区楼村小学地址：深圳市光明区新湖街道楼村社区公常路,210000.00
https://www.szggzy.com/jygg/details.html?contentId=2049043,深汕特别合作区组织人事局关于采购2024年党内培训后勤保障服务项目,采购人：深圳市光明区楼村小学地址：深圳市光明区新湖街道楼村社区公常路,1
https://www.szggzy.com/jygg/details.html?contentId=2090441,计财与基建科采购光明区教育系统 财务管理系列培训的服务采购公告,采购人：深圳市光明区楼村小学地址：深圳市光明区新湖街道楼村社区公常路,53040
https://www.szggzy.com/jygg/details.html?contentId=2090123,2024年福田区2024年新入职教师心理健康教育C证培训项目采购公告,名称：深圳市福田区教师发展中心地址：深圳市福田彩田路,700000
https://www.szggzy.com/jygg/details.html?contentId=2093289,2024年福田区中小学教师心理健康教育高级（A证）培训采购公告,名称：深圳市福田区教师发展中心地址：深圳市福田区联系人：杨老师联系电话：,5100000000.00
https://www.szggzy.com/jygg/details.html?contentId=2041150,公益培训辅助管理项目招标公告,名称：深圳市职业技能培训指导中心地址：深圳市福田区福港路,1180000.00
https://www.szggzy.com/jygg/details.html?contentId=2040710,深圳市教育局2023年普通高中校领导任职资格培训项目采购公告,名称：深圳市教育局地址：深圳市福田区市民中心C,3
https://www.szggzy.com/jygg/details.html?contentId=2093396,罗湖区退役军人事务局官兵职业技能培训服务项目采购公告,名称：深圳市教育局地址：深圳市福田区市民中心C,556500.00
https://www.szggzy.com/jygg/details.html?contentId=2088901,深圳市翠北实验小学2024年管弦乐团培训服务采购公告,名称：深圳市教育局地址：深圳市福田区市民中心C,350000.00
https://www.szggzy.com/jygg/details.html?contentId=2023087,粤桂教育协作人才跟岗培训项目（E包）招标公告(重新采购第1次),名称：深圳市教育局地址：深圳市福田区市民中心C区二楼联系方式：,3
https://www.szggzy.com/jygg/details.html?contentId=2023076,革命老区教育支援合作人才跟岗培训项目(B包)招标公告(重新采购第1次),名称：深圳市教育局地址：深圳市福田区市民中心C区二楼联系方式：,3
https://www.szggzy.com/jygg/details.html?contentId=2019893,深汕特别合作区新型职业农民培训服务项目询价公告,名称：深圳市教育局地址：深圳市福田区市民中心C区二楼联系方式：,1
https://www.szggzy.com/jygg/details.html?contentId=2019457,龙岗区职业培训学校校园物业管理服务采购采购公告,名称：深圳市龙岗区人力资源服务中心地址：深圳市龙岗区龙城街道清林路,3
https://www.szggzy.com/jygg/details.html?contentId=2016604,全口径全方位融入式帮扶汕头市跟岗培训项目（F）招标公告,名称：深圳市教育局地址：深圳市福田区市民中心C区二楼联系方式：,100000000000000
https://www.szggzy.com/jygg/details.html?contentId=2016601,全口径全方位融入式帮扶汕头市跟岗培训项目（E）招标公告,名称：深圳市教育局地址：深圳市福田区市民中心C区二楼联系方式：,100000000000000
https://www.szggzy.com/jygg/details.html?contentId=2016602,全口径全方位融入式帮扶汕头市跟岗培训项目（D）招标公告,名称：深圳市教育局地址：深圳市福田区市民中心C区二楼联系方式：,100000000000000
https://www.szggzy.com/jygg/details.html?contentId=2016603,全口径全方位融入式帮扶汕头市跟岗培训项目（C）招标公告,名称：深圳市教育局地址：深圳市福田区市民中心C区二楼联系方式：,100000000000000
https://www.szggzy.com/jygg/details.html?contentId=2016598,全口径全方位融入式帮扶汕头市跟岗培训项目（B）招标公告,名称：深圳市教育局地址：深圳市福田区市民中心C区二楼联系方式：,100000000000000
https://www.szggzy.com/jygg/details.html?contentId=2016599,全口径全方位融入式帮扶汕头市跟岗培训项目（A）招标公告,名称：深圳市教育局地址：深圳市福田区市民中心C区二楼联系方式：,100000000000000
https://www.szggzy.com/jygg/details.html?contentId=2016600,全口径全方位融入式帮扶汕尾市跟岗培训项目（E）招标公告,名称：深圳市教育局地址：深圳市福田区市民中心C区二楼联系方式：,1000075000000
https://www.szggzy.com/jygg/details.html?contentId=2016594,全口径全方位融入式帮扶汕尾市跟岗培训项目（D）招标公告,名称：深圳市教育局地址：深圳市福田区市民中心C区二楼联系方式：,1000075000000
https://www.szggzy.com/jygg/details.html?contentId=2016593,全口径全方位融入式帮扶汕尾市跟岗培训项目（C）招标公告,名称：深圳市教育局地址：深圳市福田区市民中心C区二楼联系方式：,1000075000000
https://www.szggzy.com/jygg/details.html?contentId=2016596,全口径全方位融入式帮扶汕尾市跟岗培训项目（B）招标公告,名称：深圳市教育局地址：深圳市福田区市民中心C区二楼联系方式：,1000075000000
https://www.szggzy.com/jygg/details.html?contentId=2016595,全口径全方位融入式帮扶汕尾市跟岗培训项目-A包采购公告,名称：深圳市教育局地址：深圳市福田区市民中心C区二楼联系方式：,1000075000000
https://www.szggzy.com/jygg/details.html?contentId=2016590,全口径全方位融入式帮扶肇庆市跟岗培训项目（E）招标公告,名称：深圳市教育局地址：深圳市福田区市民中心C区二楼联系方式：,100000000000000
https://www.szggzy.com/jygg/details.html?contentId=2016588,全口径全方位融入式帮扶肇庆市跟岗培训项目（D）招标公告,名称：深圳市教育局地址：深圳市福田区市民中心C区二楼联系方式：,100000000000000
https://www.szggzy.com/jygg/details.html?contentId=2016589,全口径全方位融入式帮扶肇庆市跟岗培训项目（C）招标公告,名称：深圳市教育局地址：深圳市福田区市民中心C区二楼联系方式：,100000000000000
https://www.szggzy.com/jygg/details.html?contentId=2016586,全口径全方位融入式帮扶肇庆市跟岗培训项目（B）招标公告,名称：深圳市教育局地址：深圳市福田区市民中心C区二楼联系方式：,100000000000000
https://www.szggzy.com/jygg/details.html?contentId=2016587,全口径全方位融入式帮扶肇庆市跟岗培训项目（A）招标公告,名称：深圳市教育局地址：深圳市福田区市民中心C区二楼联系方式：,100000000000000
https://www.szggzy.com/jygg/details.html?contentId=2016595,全口径全方位融入式帮扶汕尾市跟岗培训项目-A包采购公告,名称：深圳市教育局地址：深圳市福田区市民中心C区二楼联系方式：,1000075000000
https://www.szggzy.com/jygg/details.html?contentId=2016590,全口径全方位融入式帮扶肇庆市跟岗培训项目（E）招标公告,名称：深圳市教育局地址：深圳市福田区市民中心C区二楼联系方式：,100000000000000
https://www.szggzy.com/jygg/details.html?contentId=2016588,全口径全方位融入式帮扶肇庆市跟岗培训项目（D）招标公告,名称：深圳市教育局地址：深圳市福田区市民中心C区二楼联系方式：,100000000000000
https://www.szggzy.com/jygg/details.html?contentId=2016589,全口径全方位融入式帮扶肇庆市跟岗培训项目（C）招标公告,名称：深圳市教育局地址：深圳市福田区市民中心C区二楼联系方式：,100000000000000
https://www.szggzy.com/jygg/details.html?contentId=2016586,全口径全方位融入式帮扶肇庆市跟岗培训项目（B）招标公告,名称：深圳市教育局地址：深圳市福田区市民中心C区二楼联系方式：,100000000000000
https://www.szggzy.com/jygg/details.html?contentId=2016587,全口径全方位融入式帮扶肇庆市跟岗培训项目（A）招标公告,名称：深圳市教育局地址：深圳市福田区市民中心C区二楼联系方式：,100000000000000
https://www.szggzy.com/jygg/details.html?contentId=2016574,全口径全方位融入式帮扶河源市跟岗培训项目（E）招标公告,名称：深圳市教育局地址：深圳市福田区市民中心C区二楼联系方式：,100000000000000
https://www.szggzy.com/jygg/details.html?contentId=2016576,全口径全方位融入式帮扶河源市跟岗培训项目（D）招标公告,名称：深圳市教育局地址：深圳市福田区市民中心C区二楼联系方式：,100000000000000
https://www.szggzy.com/jygg/details.html?contentId=2016575,全口径全方位融入式帮扶河源市跟岗培训项目（C）招标公告,名称：深圳市教育局地址：深圳市福田区市民中心C区二楼联系方式：,100000000000000
https://www.szggzy.com/jygg/details.html?contentId=2016573,全口径全方位融入式帮扶河源市跟岗培训项目（B）招标公告,名称：深圳市教育局地址：深圳市福田区市民中心C区二楼联系方式：,100000000000000
https://www.szggzy.com/jygg/details.html?contentId=2016572,全口径全方位融入式帮扶河源市跟岗培训项目（A）招标公告,名称：深圳市教育局地址：深圳市福田区市民中心C区二楼联系方式：,100000000000000
https://www.szggzy.com/jygg/details.html?contentId=2015165,粤桂教育协作人才跟岗培训项目（G）招标公告,名称：深圳市教育局地址：深圳市福田区市民中心C区二楼联系方式：,50015000000
https://www.szggzy.com/jygg/details.html?contentId=2015163,粤桂教育协作人才跟岗培训项目（F）招标公告,名称：深圳市教育局地址：深圳市福田区市民中心C区二楼联系方式：,50015000000
https://www.szggzy.com/jygg/details.html?contentId=2015164,粤桂教育协作人才跟岗培训项目（E）招标公告,名称：深圳市教育局地址：深圳市福田区市民中心C区二楼联系方式：,50015000000
https://www.szggzy.com/jygg/details.html?contentId=2015120,深汕特别合作区新型职业农民培训服务项目询价公告,名称：深圳市教育局地址：深圳市福田区市民中心C区二楼联系方式：,1
https://www.szggzy.com/jygg/details.html?contentId=2015132,粤桂教育协作人才跟岗培训项目（D）招标公告,名称：深圳市教育局地址：深圳市福田区市民中心C区二楼联系方式：,50015000000
https://www.szggzy.com/jygg/details.html?contentId=2015131,粤桂教育协作人才跟岗培训项目（C）招标公告,名称：深圳市教育局地址：深圳市福田区市民中心C区二楼联系方式：,50015000000
https://www.szggzy.com/jygg/details.html?contentId=2015133,粤桂教育协作人才跟岗培训项目（B）招标公告,名称：深圳市教育局地址：深圳市福田区市民中心C区二楼联系方式：,50015000000
https://www.szggzy.com/jygg/details.html?contentId=2015134,粤桂教育协作人才跟岗培训项目（A）招标公告,名称：深圳市教育局地址：深圳市福田区市民中心C区二楼联系方式：,50015000000
https://www.szggzy.com/jygg/details.html?contentId=2092619,2024年深圳市罗湖实验学校学生管乐团培训服务采购项目采购公告,名称：深圳市教育局地址：深圳市福田区市民中心C区二楼联系方式：,200000.00
https://www.szggzy.com/jygg/details.html?contentId=2014542,全口径全方位融入式帮扶河源市跟岗培训项目意见征集公告,未识别,6
https://www.szggzy.com/jygg/details.html?contentId=2014541,全口径全方位融入式帮扶汕尾市跟岗培训项目意见征集公告,未识别,6
https://www.szggzy.com/jygg/details.html?contentId=2014534,全口径全方位融入式帮扶肇庆市跟岗培训项目意见征集公告,未识别,6
https://www.szggzy.com/jygg/details.html?contentId=2014531,革命老区教育支援合作人才跟岗培训项目（B）招标公告,名称：深圳市教育局地址：深圳市福田区市民中心C区二楼联系方式：,100055000000
https://www.szggzy.com/jygg/details.html?contentId=2014533,革命老区教育支援合作人才跟岗培训项目（A）招标公告,名称：深圳市教育局地址：深圳市福田区市民中心C区二楼联系方式：,100055000000
https://www.szggzy.com/jygg/details.html?contentId=2008242,国家税务总局深圳市税务局12366税法教育培训设备采购项目采购公告,名称：国家税务总局深圳市税务局地址：福田区沙嘴路,1401174.000000
https://www.szggzy.com/jygg/details.html?contentId=2088782,（综治办）信访业务培训租车服务采购公告,名称：深圳市光明区玉塘街道综合治理办公室地址：深圳市光明区玉塘街道安居鸣鹿苑南区G栎,6000.00
https://www.szggzy.com/jygg/details.html?contentId=2088593,全科技能培训设备一批招标公告,名称：福田区社区健康服务管理中心地址：广东省深圳市福田区福华路,344900.00
https://www.szggzy.com/jygg/details.html?contentId=2115308,2023年马田街道社会体育指导员培训暨全民健身志愿服务队培训（实施购买前）,名称：福田区社区健康服务管理中心地址：广东省深圳市福田区福华路,15000.00
https://www.szggzy.com/jygg/details.html?contentId=2088268,2023年“凝心聚力·志愿同行”义工培训及团建活动采购公告,名称：深圳市光明区玉塘街道办事处地址：广东省深圳市光明区玉塘街道田寮社区警民路,7970.00
https://www.szggzy.com/jygg/details.html?contentId=2088268,2023年“凝心聚力·志愿同行”义工培训及团建活动采购公告,名称：深圳市光明区玉塘街道办事处地址：广东省深圳市光明区玉塘街道田寮社区警民路,7970.00
https://www.szggzy.com/jygg/details.html?contentId=2002315,罗湖区青少年活动中心素质培训服务项目（D包）采购公告,名称：深圳市罗湖区青少年活动中心地址：深圳市罗湖区怡景路,3
https://www.szggzy.com/jygg/details.html?contentId=2002314,罗湖区青少年活动中心素质培训服务项目（C包）采购公告,名称：深圳市罗湖区青少年活动中心地址：深圳市罗湖区怡景路,3
https://www.szggzy.com/jygg/details.html?contentId=2002268,罗湖区青少年活动中心素质培训服务项目（B包）采购公告,名称：深圳市罗湖区青少年活动中心地址：深圳市罗湖区怡景路,3
https://www.szggzy.com/jygg/details.html?contentId=2002267,罗湖区青少年活动中心素质培训服务项目（A包）采购公告,名称：深圳市罗湖区青少年活动中心地址：深圳市罗湖区怡景路,3
https://www.szggzy.com/jygg/details.html?contentId=2126842,维修工培训设备询价公告,名称：深圳市罗湖区青少年活动中心地址：深圳市罗湖区怡景路,3
https://www.szggzy.com/jygg/details.html?contentId=2134371,维修工培训设备询价公告,名称：深圳市罗湖区青少年活动中心地址：深圳市罗湖区怡景路,3
https://www.szggzy.com/jygg/details.html?contentId=2096022,福田区中小学教师健康体能促进系列培训项目采购公告,名称：深圳市罗湖区青少年活动中心地址：深圳市罗湖区怡景路,2
https://www.szggzy.com/jygg/details.html?contentId=2088627,2024年福田区中小学教师家庭教育指导力提升培训项目采购公告,名称：深圳市福田区教师发展中心地址：深圳市福田彩田路,257000.0
https://www.szggzy.com/jygg/details.html?contentId=2000180,深圳市龙华区中心医院文化建设培训项目采购公告,名称：深圳市福田区教师发展中心地址：深圳市福田彩田路,2850000.00
https://www.szggzy.com/jygg/details.html?contentId=2130305,大鹏新区2023年驻深部队官兵职业技能培训项目采购需求公告,未识别,623700.00
https://www.szggzy.com/jygg/details.html?contentId=2120202,2023年群团干部素质能力提升培训 （实施购买前）,未识别,42410
https://www.szggzy.com/jygg/details.html?contentId=2093816,深圳市罗湖实验学校新老初三教师经验交流工作培训服务采购公告,未识别,160000.00
https://www.szggzy.com/jygg/details.html?contentId=2093059,2024年福田区中小学教师作业设计进阶培训项目采购招标公告,名称：深圳市福田区教师发展中心地址：深圳市福田区联系人：杨老师联系方式：,5370000000.00
https://www.szggzy.com/jygg/details.html?contentId=2090588,光明区教育局党务干部培训班采购公告,名称：深圳市福田区教师发展中心地址：深圳市福田区联系人：杨老师联系方式：,160000
https://www.szggzy.com/jygg/details.html?contentId=2092719,2023年公明街道拉丁舞培训活动的项目采购公告,名称：深圳市福田区教师发展中心地址：深圳市福田区联系人：杨老师联系方式：,25700.00
https://www.szggzy.com/jygg/details.html?contentId=2093397,福田区残疾人就业培训宣传展示服务项目采购公告,名称：福田区残疾人综合服务中心地址：福田区梅林梅坳七路福康之家,300000
https://www.szggzy.com/jygg/details.html?contentId=2091890,福田区残疾人就业培训宣传展示服务项目采购公告,名称：福田区残疾人综合服务中心地址：福田区梅林梅坳七路福康之家,300000
https://www.szggzy.com/jygg/details.html?contentId=2125099,综合行政执法办2023年综合行政执法业务培训,名称：福田区残疾人综合服务中心地址：福田区梅林梅坳七路福康之家,199450
https://www.szggzy.com/jygg/details.html?contentId=2130866,关于政府购买2023年光明街道少儿篮球公益培训活动服务的公告  (实施购买前),名称：福田区残疾人综合服务中心地址：福田区梅林梅坳七路福康之家,13000
https://www.szggzy.com/jygg/details.html?contentId=2121446,购买市政领域业务培训服务,未识别,35719
https://www.szggzy.com/jygg/details.html?contentId=2094526,深圳市翠园文锦中学2023—2024届初三教学工作培训项目采购公告,未识别,123000.00
https://www.szggzy.com/jygg/details.html?contentId=2114508,关于政府购买人大代表履职能力提升培训服务的公告  (实施购买前),未识别,85500
https://www.szggzy.com/jygg/details.html?contentId=2091735,南湖街道2023年统计业务培训会议采购公告,未识别,98900.00
https://www.szggzy.com/jygg/details.html?contentId=2117372,关于政府购买白花社区“星火传承服务队培训项目”党群活动服务的公告  （实施购买前）,未识别,46000
https://www.szggzy.com/jygg/details.html?contentId=2096632,驻深部队官兵三维设计与3D打印培训项目采购公告,名称：深圳市福田区退役军人事务局地址：深圳市福田区福保街道石厦北二街西新天世纪商务中心A座,300000.00
https://www.szggzy.com/jygg/details.html?contentId=2088948,驻深部队官兵公务员考试培训项目采购公告,名称：深圳市福田区退役军人事务局地址：深圳市福田区福保街道石厦北二街西新天世纪商务中心A座,300000.00
https://www.szggzy.com/jygg/details.html?contentId=2089212,2023年罗湖区楼栋长管理工作能力提升培训班项目采购公告,名称：深圳市福田区退役军人事务局地址：深圳市福田区福保街道石厦北二街西新天世纪商务中心A座,180000.00
https://www.szggzy.com/jygg/details.html?contentId=1956850,深圳市深汕特别合作区海洋综合执法大队渔业船员安全培训项目采购意向公开表,名称：深圳市福田区退役军人事务局地址：深圳市福田区福保街道石厦北二街西新天世纪商务中心A座,96000.0
https://www.szggzy.com/jygg/details.html?contentId=2122570,深圳市电子政务内网管理中心2023年下半年内网建设管理工作培训班培训服务项目自行采购公告,名称：深圳市福田区退役军人事务局地址：深圳市福田区福保街道石厦北二街西新天世纪商务中心A座,121000.0
https://www.szggzy.com/jygg/details.html?contentId=2129273,2023年凤凰街道文明城市创建工作能力提升培训项目,未识别,92250
https://www.szggzy.com/jygg/details.html?contentId=1942225,深圳信息职业技术学院职业技能综合培训基地配套项目采购公告,名称：深圳信息职业技术学院地址：深圳市龙岗区龙翔大道,3
https://www.szggzy.com/jygg/details.html?contentId=2129307,综合行政执法办2023年综合行政执法业务培训,名称：深圳信息职业技术学院地址：深圳市龙岗区龙翔大道,199450
https://www.szggzy.com/jygg/details.html?contentId=1941046,深汕特别合作区乡村振兴致富带头人专题培训车辆辅助服务项目询价公告,名称：深圳信息职业技术学院地址：深圳市龙岗区龙翔大道,1
https://www.szggzy.com/jygg/details.html?contentId=2094804,购买2023年公明街道篮球队培训活动服务采购公告,名称：深圳信息职业技术学院地址：深圳市龙岗区龙翔大道,34050.00
https://www.szggzy.com/jygg/details.html?contentId=1940763,罗湖区教育帮扶培训项目招标公告,名称：深圳市罗湖区教育科学研究院地址：深圳市罗湖区翠竹街道贝丽北路,100000000000
https://www.szggzy.com/jygg/details.html?contentId=2094581,滨河实验中学新老初三年级教师经验交流培训会采购公告,名称：深圳市罗湖区教育科学研究院地址：深圳市罗湖区翠竹街道贝丽北路,95000.00
https://www.szggzy.com/jygg/details.html?contentId=1937280,深汕特别合作区“百千万工程”专题培训车辆辅助服务项目询价公告,名称：深圳市罗湖区教育科学研究院地址：深圳市罗湖区翠竹街道贝丽北路,10000
https://www.szggzy.com/jygg/details.html?contentId=1934247,深圳市深汕特别合作区海洋综合执法大队渔业船员安全培训询价公告,名称：深圳市罗湖区教育科学研究院地址：深圳市罗湖区翠竹街道贝丽北路,1
https://www.szggzy.com/jygg/details.html?contentId=2090548,2023年福田区幼儿园“启航工程”新教师培训项目采购公告,名称：深圳市福田区学前教育发展中心地址：深圳市福田区新洲九街,3000000000.00
https://www.szggzy.com/jygg/details.html?contentId=1931376,深汕特别合作区“百千万工程”专题培训辅助服务项目询价公告,未识别,10000
https://www.szggzy.com/jygg/details.html?contentId=2134606,2023-2024学年第一学期女子足球社团培训项目,未识别,7
https://www.szggzy.com/jygg/details.html?contentId=2126970,2023-2024学年第一学期学生葫芦丝社团培训项目,未识别,7
https://www.szggzy.com/jygg/details.html?contentId=2133550,关于开展2023年应急管理业务能力提升培训的公告,未识别,190940
https://www.szggzy.com/jygg/details.html?contentId=2090713,田寮小学鼓号队、国旗班培训服务项目采购公告,名称：深圳市光明区田寮小学地址：深圳市光明区玉塘街道田寮社区内联系方式：罗老师,124800.00
https://www.szggzy.com/jygg/details.html?contentId=1926000,2023年党员回炉进党校培训后勤保障服务项目采购公告,名称：深圳市深汕特别合作区组织人事局地址：广东省汕尾市海丰县深汕特别合作区鹅埠镇大同路政和楼,1000000.00
https://www.szggzy.com/jygg/details.html?contentId=1925955,深圳市深汕特别合作区关于2023年团干部培训项目询价公告,名称：深圳市深汕特别合作区组织人事局地址：广东省汕尾市海丰县深汕特别合作区鹅埠镇大同路政和楼,5500000
https://www.szggzy.com/jygg/details.html?contentId=2093533,2023年财政业务培训工作辅助服务采购公告,名称：深圳市深汕特别合作区组织人事局地址：广东省汕尾市海丰县深汕特别合作区鹅埠镇大同路政和楼,1645000000.00
https://www.szggzy.com/jygg/details.html?contentId=2096732,福田区中小学名师工作室评审和培训服务项目招标公告,名称：深圳市福田区教师发展中心地址：深圳市福田区联系人：杨老师联系方式：,4320000000.00
https://www.szggzy.com/jygg/details.html?contentId=2094083,福田区中小学教师项目化学习培训服务项目采购公告,名称：深圳市福田区教师发展中心地址：深圳市福田彩田路,459000.0
https://www.szggzy.com/jygg/details.html?contentId=2094083,福田区中小学教师项目化学习培训服务项目采购公告,名称：深圳市福田区教师发展中心地址：深圳市福田彩田路,459000.0
https://www.szggzy.com/jygg/details.html?contentId=2112311,关于政府开展2023年综合行政执法业务培训的公告  (实施购买前),名称：深圳市福田区教师发展中心地址：深圳市福田彩田路,50000
https://www.szggzy.com/jygg/details.html?contentId=2094613,田寮小学购买国旗班培训服务采购公告,名称：深圳市福田区教师发展中心地址：深圳市福田彩田路,24960.00
https://www.szggzy.com/jygg/details.html?contentId=2093353,田寮小学购买鼓号队培训服务采购公告,名称：深圳市福田区教师发展中心地址：深圳市福田彩田路,96720.00
https://www.szggzy.com/jygg/details.html?contentId=1921175,深圳市专科医师规范化培训项目招标公告,名称：深圳市卫生健康委员会地址：深圳市福田区新城大厦东座联系人：李先生联系方式：,9000000.00
https://www.szggzy.com/jygg/details.html?contentId=2091512,2023年福田区中小学骨干心理教师专业能力提升培训服务项目需求采购公告,名称：深圳市卫生健康委员会地址：深圳市福田区新城大厦东座联系人：李先生联系方式：,2
https://www.szggzy.com/jygg/details.html?contentId=2094685,2023年福田区学校卫生健康教育专项培训项目采购公告,名称：深圳市卫生健康委员会地址：深圳市福田区新城大厦东座联系人：李先生联系方式：,2
https://www.szggzy.com/jygg/details.html?contentId=2095353,福田区中小学思政骨干（德育主任）实践学习培训项目招标公告,名称：深圳市福田区教师发展中心地址：深圳市福田彩田路,528500.00
https://www.szggzy.com/jygg/details.html?contentId=2088971,2023年福田区教育系统共青团、少先队干部培训项目招标公告,名称：深圳市福田区教师发展中心地址：深圳市福田区联系人：徐老师联系方式：,2010000000.00
https://www.szggzy.com/jygg/details.html?contentId=2088084,开展2023年光明区建设领域安全生产及文明施工专题培训采购公告,名称：深圳市福田区教师发展中心地址：深圳市福田区联系人：徐老师联系方式：,3
https://www.szggzy.com/jygg/details.html?contentId=1912751,深圳市2023年东部城市支持西部地区人才培训项目招标公告,名称：深圳市乡村振兴和协作交流局地址：深圳市福田区市民中心C区,100060000000
https://www.szggzy.com/jygg/details.html?contentId=2088241,罗湖区东晓街道垃圾分类宣传培训服务项目采购公告,名称：深圳市乡村振兴和协作交流局地址：深圳市福田区市民中心C区,498908.08
https://www.szggzy.com/jygg/details.html?contentId=2090753,全国第五次经济普查培训项目采购公告,名称：深圳市乡村振兴和协作交流局地址：深圳市福田区市民中心C区,72000.00
https://www.szggzy.com/jygg/details.html?contentId=2120620,公共服务办购买马田街道2023年母婴护理技能培训项目服务　(实施购买前）,名称：深圳市乡村振兴和协作交流局地址：深圳市福田区市民中心C区,22516.00
https://www.szggzy.com/jygg/details.html?contentId=1908965,深汕特别合作区乡村振兴专题培训服务项目询价公告,名称：深圳市乡村振兴和协作交流局地址：深圳市福田区市民中心C区,1
https://www.szggzy.com/jygg/details.html?contentId=1908479,深圳市龙华区中心医院中层干部履职能力提升培训项目招标公告,名称：深圳市龙华区中心医院地址：深圳市龙华区观澜大道,2000000.00
https://www.szggzy.com/jygg/details.html?contentId=2116530,全科网格组开展网格员培训（实施购买前）,名称：深圳市龙华区中心医院地址：深圳市龙华区观澜大道,65218.00
https://www.szggzy.com/jygg/details.html?contentId=1907727,第四批深圳市公立医院院长职业化培训定制课程采购公告,名称：深圳市卫生健康能力建设和继续教育中心地址：深圳市罗湖区清水河街道清水河三路,15000000000.00
https://www.szggzy.com/jygg/details.html?contentId=2128013,公共服务办购买马田街道2023年美容技能培训项目服务(实施购买前)　,名称：深圳市卫生健康能力建设和继续教育中心地址：深圳市罗湖区清水河街道清水河三路,33744.00
https://www.szggzy.com/jygg/details.html?contentId=2114223,关于组织凤凰街道楼（栋）长培训,名称：深圳市卫生健康能力建设和继续教育中心地址：深圳市罗湖区清水河街道清水河三路,96550
https://www.szggzy.com/jygg/details.html?contentId=1908479,深圳市龙华区中心医院中层干部履职能力提升培训项目招标公告,名称：深圳市龙华区中心医院地址：深圳市龙华区观澜大道,2000000.00
https://www.szggzy.com/jygg/details.html?contentId=2116530,全科网格组开展网格员培训（实施购买前）,名称：深圳市龙华区中心医院地址：深圳市龙华区观澜大道,65218.00
https://www.szggzy.com/jygg/details.html?contentId=1907727,第四批深圳市公立医院院长职业化培训定制课程采购公告,名称：深圳市卫生健康能力建设和继续教育中心地址：深圳市罗湖区清水河街道清水河三路,15000000000.00
https://www.szggzy.com/jygg/details.html?contentId=2128013,公共服务办购买马田街道2023年美容技能培训项目服务(实施购买前)　,名称：深圳市卫生健康能力建设和继续教育中心地址：深圳市罗湖区清水河街道清水河三路,33744.00
https://www.szggzy.com/jygg/details.html?contentId=2114223,关于组织凤凰街道楼（栋）长培训,名称：深圳市卫生健康能力建设和继续教育中心地址：深圳市罗湖区清水河街道清水河三路,96550
https://www.szggzy.com/jygg/details.html?contentId=2093466,光明区安全评价检测检验和安全培训机构专项整治项目公开采购公告,名称：深圳市光明区应急管理局地址：深圳市光明区光明街道华夏二路光明商会大厦,3092000000.00
https://www.szggzy.com/jygg/details.html?contentId=2117470,光明区社区党委书记成长计划凤凰街道培训专场,名称：深圳市光明区应急管理局地址：深圳市光明区光明街道华夏二路光明商会大厦,5800
https://www.szggzy.com/jygg/details.html?contentId=2091111,生产经营单位消防安全培训采购公告,采购人：深圳市光明区凤凰街道应急管理办公室地址：深圳市光明区凤凰街道办事处第二办公楼联系人：朱工,180000.00
https://www.szggzy.com/jygg/details.html?contentId=1904363,深汕特别合作区乡村振兴专题培训服务项目询价公告,采购人：深圳市光明区凤凰街道应急管理办公室地址：深圳市光明区凤凰街道办事处第二办公楼联系人：朱工,1
https://www.szggzy.com/jygg/details.html?contentId=1904365,多功能培训中心装修工程项目招标公告,名称：深圳信息职业技术学院地址：深圳市龙岗区龙翔大道,100010000000
https://www.szggzy.com/jygg/details.html?contentId=2095545,综合行政执法办（行政执法组）购买2023年综合执法业务培训项目采购公告（实施购买前）,未识别,183040
https://www.szggzy.com/jygg/details.html?contentId=2090946,公共服务办公室开展福育马田之游泳培训项目活动采购公告（实施采购前）,未识别,272800
https://www.szggzy.com/jygg/details.html?contentId=2087316,华中师范大学附属光明勤诚达学校 “ 体教结合 ”游泳培训课程服务游泳培训采购公告,名称：华中师范大学附属光明勤诚达学校地址：深圳市光明区光侨路华中师范大学附属光明勤诚达学校联系方式：甄老师,350000
https://www.szggzy.com/jygg/details.html?contentId=2088835,2023年福田区责任督学履职能力提升培训项目招标公告,名称：深圳市福田区教师发展中心地址：深圳市福田区联系人：杨老师联系方式：,3150000000.00
https://www.szggzy.com/jygg/details.html?contentId=1900202,区公卫中心卫生专业技术人才培养计划（领智人才培训）项目采购公告,名称：深圳市宝安区公共卫生服务中心地址：深圳市宝安区西乡街道前进二路,3
https://www.szggzy.com/jygg/details.html?contentId=2136089,凤凰街道干部职工综合写作能力提升培训服务项目,名称：深圳市宝安区公共卫生服务中心地址：深圳市宝安区西乡街道前进二路,78250
https://www.szggzy.com/jygg/details.html?contentId=2088561,凤凰街道2023年社会体育指导员技能提升培训暨群众趣味体育活动,名称：深圳市宝安区公共卫生服务中心地址：深圳市宝安区西乡街道前进二路,50000
https://www.szggzy.com/jygg/details.html?contentId=2089505,光明区公明街道下村社区工作站购买花样年华--花艺培训项目采购公告,名称：深圳市宝安区公共卫生服务中心地址：深圳市宝安区西乡街道前进二路,0
https://www.szggzy.com/jygg/details.html?contentId=2093977,凤凰街道2023年统计业务培训工作服务项目采购公告,名称：深圳市光明区凤凰街道营商环境办公室地址：深圳市光明区凤凰街道办事处第一办公区（甲塘路,236500.00
https://www.szggzy.com/jygg/details.html?contentId=2125318,凤凰街道干部职工培训活动,名称：深圳市光明区凤凰街道营商环境办公室地址：深圳市光明区凤凰街道办事处第一办公区（甲塘路,96000
https://www.szggzy.com/jygg/details.html?contentId=2125318,凤凰街道干部职工培训活动,未识别,96000
https://www.szggzy.com/jygg/details.html?contentId=2095494,光明区公明街道上村社区鼓韵传情”--社区特色学堂之腰鼓培训项目采购公告,未识别,0
https://www.szggzy.com/jygg/details.html?contentId=2088419,罗湖区都市型现代产业体系专题研修班培训服务项目采购公告,未识别,370000.00
https://www.szggzy.com/jygg/details.html?contentId=1894340,2023年龙岗区“三项工程”项目制培训服务采购（“广东技工”传统制造业培训）采购公告(重新采购第1次),名称：深圳市龙岗区人力资源服务中心地址：深圳市龙岗区龙城街道清林路,3
https://www.szggzy.com/jygg/details.html?contentId=2089087,2023年福田区社区健康服务机构急诊急救能力提升培训招标公告,名称：福田区社区健康服务管理中心地址：广东省深圳市福田区福华路,750000.00
https://www.szggzy.com/jygg/details.html?contentId=2123738,关于政府开展光明街道文明城市创建业务培训的公告  (实施购买前),名称：福田区社区健康服务管理中心地址：广东省深圳市福田区福华路,79665
https://www.szggzy.com/jygg/details.html?contentId=1891621,宝安区复合型公共卫生领军人才培训项目采购公告(重新采购第1次),名称：深圳市宝安区公共卫生服务中心地址：深圳市宝安区前进路,3
https://www.szggzy.com/jygg/details.html?contentId=2088287,光明区学前教育管理人才“毓秀工程”第一期培训班培训服务采购公告,名称：深圳市光明区教育局地址：深圳市光明区光明街道牛山路,323860.00
https://www.szggzy.com/jygg/details.html?contentId=2094881,购买2023年光明区公明街道健身操培训活动服务采购公告,名称：深圳市光明区公明街道公共服务办公室地址：深圳市光明区公明街道集美路,21620.00
https://www.szggzy.com/jygg/details.html?contentId=1888773,深圳市深汕特别合作区应急管理局采购政法系统培训服务询价公告,名称：深圳市光明区公明街道公共服务办公室地址：深圳市光明区公明街道集美路,150000
https://www.szggzy.com/jygg/details.html?contentId=1886372,2023年龙岗区“三项工程”项目制培训服务采购（“广东技工”传统制造业培训）采购公告,名称：深圳市龙岗区人力资源服务中心地址：深圳市龙岗区龙城街道清林路,3
https://www.szggzy.com/jygg/details.html?contentId=1886283,2023年龙岗区“三项工程”项目制培训服务采购（“广东技工”安全生产）采购公告,名称：深圳市龙岗区人力资源服务中心地址：深圳市龙岗区龙城街道清林路,3
https://www.szggzy.com/jygg/details.html?contentId=2089025,光明区新湖街道市政管理组2023年垃圾分类宣传培训运营服务采购项目采购公告,名称：深圳市光明区新湖街道办事处地址：深圳市光明区新湖街道圳园路,711700.00
https://www.szggzy.com/jygg/details.html?contentId=2125822,合水口社区开展红色小分格“留住美好，赋能而行”志愿者摄影技能培训活动（实施购买前）,名称：深圳市光明区新湖街道办事处地址：深圳市光明区新湖街道圳园路,13450
https://www.szggzy.com/jygg/details.html?contentId=2112565,合水口社区开展消防宣传及培训活动（实施购买前）,名称：深圳市光明区新湖街道办事处地址：深圳市光明区新湖街道圳园路,87305
https://www.szggzy.com/jygg/details.html?contentId=2124931,购买2023年财务专业能力提升培训服务,名称：深圳市光明区新湖街道办事处地址：深圳市光明区新湖街道圳园路,51150
https://www.szggzy.com/jygg/details.html?contentId=2124493,关于2023年大鹏新区党员先锋队带头人专题培训班的信息公开,名称：深圳市光明区新湖街道办事处地址：深圳市光明区新湖街道圳园路,250000
https://www.szggzy.com/jygg/details.html?contentId=1880120,2023年“宝安新市民教育培训宣传”新媒体运营及线下活动项目招标公告,名称：深圳市宝安区融媒体中心地址：深圳市宝安区新安街道兴华二路,3400000.00
https://www.szggzy.com/jygg/details.html?contentId=2115674,合水口社区开展红色小分格“留住美好，赋能而行”志愿者摄影技能培训活动（实施购买前）,名称：深圳市宝安区融媒体中心地址：深圳市宝安区新安街道兴华二路,13450
https://www.szggzy.com/jygg/details.html?contentId=2127197,合水口社区开展消防宣传及培训活动（实施购买前）,名称：深圳市宝安区融媒体中心地址：深圳市宝安区新安街道兴华二路,87305
https://www.szggzy.com/jygg/details.html?contentId=2090382,2023年暑期教师培训服务采购采购公告,名称：深圳市教育科学研究院实验学校（光明）地址：深圳市光明区新湖街道楼村社区三月风广场对面公常路旁联系方式：陈老师,310000
https://www.szggzy.com/jygg/details.html?contentId=1878241,宝安区复合型公共卫生领军人才培训项目采购公告,名称：深圳市宝安区公共卫生服务中心地址：深圳市宝安区前进路,3
https://www.szggzy.com/jygg/details.html?contentId=2089504,开展2023年光明区宣传思想综合能力提升培训班活动采购公告,名称：中共深圳市光明区委宣传部地址：深圳市光明区光明街道公共服务平台九楼联系方式：,120000.00
https://www.szggzy.com/jygg/details.html?contentId=2135313,石家社区开展共享共融石家幸福圈-少儿口才培训（实施购买前）,名称：中共深圳市光明区委宣传部地址：深圳市光明区光明街道公共服务平台九楼联系方式：,36000
https://www.szggzy.com/jygg/details.html?contentId=2126382,石家社区开展共享共融石家幸福圈-社区青少年棋类培训项目（实施购买前）,名称：中共深圳市光明区委宣传部地址：深圳市光明区光明街道公共服务平台九楼联系方式：,64000
https://www.szggzy.com/jygg/details.html?contentId=2128077,石家社区开展共享共融石家幸福圈-硬笔书法培训活动（实施购买前）,名称：中共深圳市光明区委宣传部地址：深圳市光明区光明街道公共服务平台九楼联系方式：,57000
https://www.szggzy.com/jygg/details.html?contentId=2130688,石家社区开展共享共融石家幸福圈-青少年街舞培训项目（实施购买前）,名称：中共深圳市光明区委宣传部地址：深圳市光明区光明街道公共服务平台九楼联系方式：,53000
https://www.szggzy.com/jygg/details.html?contentId=2111676,合水口社区开展幸福合水口——“少年当自强”醒狮培训（实施购买前）,名称：中共深圳市光明区委宣传部地址：深圳市光明区光明街道公共服务平台九楼联系方式：,58200
https://www.szggzy.com/jygg/details.html?contentId=2116070,合水口社区开展幸福合水口——“阳光少年”社区篮球培训营（实施购买前）,名称：中共深圳市光明区委宣传部地址：深圳市光明区光明街道公共服务平台九楼联系方式：,63200
https://www.szggzy.com/jygg/details.html?contentId=2088451,华中师范大学附属光明勤诚达学校游泳特色课程服务游泳培训采购公告,名称：华中师范大学附属光明勤诚达学校地址：深圳市光明区光侨路华中师范大学附属光明勤诚达学校联系方式：甄老师,350000
https://www.szggzy.com/jygg/details.html?contentId=2126382,石家社区开展共享共融石家幸福圈-社区青少年棋类培训项目（实施购买前）,未识别,64000
https://www.szggzy.com/jygg/details.html?contentId=2128077,石家社区开展共享共融石家幸福圈-硬笔书法培训活动（实施购买前）,未识别,57000
https://www.szggzy.com/jygg/details.html?contentId=2130688,石家社区开展共享共融石家幸福圈-青少年街舞培训项目（实施购买前）,未识别,53000
https://www.szggzy.com/jygg/details.html?contentId=2111676,合水口社区开展幸福合水口——“少年当自强”醒狮培训（实施购买前）,未识别,58200
https://www.szggzy.com/jygg/details.html?contentId=2116070,合水口社区开展幸福合水口——“阳光少年”社区篮球培训营（实施购买前）,未识别,63200
https://www.szggzy.com/jygg/details.html?contentId=2088451,华中师范大学附属光明勤诚达学校游泳特色课程服务游泳培训采购公告,名称：华中师范大学附属光明勤诚达学校地址：深圳市光明区光侨路华中师范大学附属光明勤诚达学校联系方式：甄老师,350000
https://www.szggzy.com/jygg/details.html?contentId=2087271,光明区2023年幼儿园园长任职资格培训班服务招标公告,：名称：深圳市光明区教育科学研究院地址：深圳市光明区光明街道径口路路口联系方式：黄老师,261000.00
https://www.szggzy.com/jygg/details.html?contentId=2092977,沙头街道太极拳培训采购项目自行采购公告,名称：深圳市福田区沙头街道办事处地址：深圳市福田区新沙街,207800.00
https://www.szggzy.com/jygg/details.html?contentId=2132882,情暖根竹园——“走进艺术的世界”社区青少年艺术培训项目（实施购买前）,名称：深圳市福田区沙头街道办事处地址：深圳市福田区新沙街,57552
https://www.szggzy.com/jygg/details.html?contentId=2112749,情暖根竹园——社区青少年象棋公益培训项目（实施购买前）,名称：深圳市福田区沙头街道办事处地址：深圳市福田区新沙街,28655
https://www.szggzy.com/jygg/details.html?contentId=2093094,福田区“应急第一响应人”培训考核项目 自行采购公告,名称：深圳市福田应急管理局地址：深圳市福田区福民路,3
https://www.szggzy.com/jygg/details.html?contentId=2124682,新庄社区开展“情满新庄-儿童乐高益智培训课程 ”（实施购买前）,名称：深圳市福田应急管理局地址：深圳市福田区福民路,37325.00
https://www.szggzy.com/jygg/details.html?contentId=2133422,新庄社区开展“情满新庄-健身舞蹈培训活动”（实施购买前）,名称：深圳市福田应急管理局地址：深圳市福田区福民路,56243.00
https://www.szggzy.com/jygg/details.html?contentId=2112885,新庄社区开展“情满新庄-少儿口才培训活动”（实施购买前）,名称：深圳市福田应急管理局地址：深圳市福田区福民路,34255.00
https://www.szggzy.com/jygg/details.html?contentId=2124634,新庄社区开展“情满新庄-文化传承培训课程 ”（实施购买前）,名称：深圳市福田应急管理局地址：深圳市福田区福民路,52382.00
https://www.szggzy.com/jygg/details.html?contentId=2135119,新庄社区开展“情满新庄-瑜伽培训活动”（实施购买前）,名称：深圳市福田应急管理局地址：深圳市福田区福民路,42900.00
https://www.szggzy.com/jygg/details.html?contentId=2093747,深圳市光明区光明中学2023-2024学年高中美术特长生培训课程采购公告,名称：深圳市福田应急管理局地址：深圳市福田区福民路,500
https://www.szggzy.com/jygg/details.html?contentId=2125939,公共服务办购买马田街道2023年医疗护理技能培训项目服务（实施购买前）,名称：深圳市福田应急管理局地址：深圳市福田区福民路,15740
https://www.szggzy.com/jygg/details.html?contentId=2116094,马田街道“扬帆计划”之人事干部培训（实施购买前）,名称：深圳市福田应急管理局地址：深圳市福田区福民路,46908
https://www.szggzy.com/jygg/details.html?contentId=2128936,马田街道“扬帆计划”之青年干部培训（实施购买前）,名称：深圳市福田应急管理局地址：深圳市福田区福民路,41311
https://www.szggzy.com/jygg/details.html?contentId=2128224,爱在薯田埔--“和谐邻里，温润年华”社区中老年文化艺术培训班（实施购买前）,未识别,43010.00
https://www.szggzy.com/jygg/details.html?contentId=2125317,爱在薯田埔--“小小音乐家”社区青少年乐器培训活动（实施购买前）,未识别,47388.00
https://www.szggzy.com/jygg/details.html?contentId=2135272,“石”事“围”民——“南拳南狮”青少年舞狮武术培训活动（实施购买前）,未识别,48800
https://www.szggzy.com/jygg/details.html?contentId=2125804,“石”事“围”民——“声声筝情，乐响社区”古筝艺术培训活动（实施购买前）,未识别,48300
https://www.szggzy.com/jygg/details.html?contentId=2133312,“石”事“围”民——“运动生活，健康人生”舞蹈培训班（实施购买前）,未识别,46200
https://www.szggzy.com/jygg/details.html?contentId=2130448,“石”事“围”民——科研智慧，儿童乐高益智培训活动（实施购买前）,未识别,54800
https://www.szggzy.com/jygg/details.html?contentId=2114977,“石”事“围”民——社区老年艺术培训活动（实施购买前）,未识别,42400
https://www.szggzy.com/jygg/details.html?contentId=2113833,“石”事“围”民——秀口才，展风采，少儿主持培训活动（实施购买前）,未识别,42200
https://www.szggzy.com/jygg/details.html?contentId=2094281,光明区公明街道应急管理办公室购买应急宣传教育技能培训服务采购公告,未识别,10000
https://www.szggzy.com/jygg/details.html?contentId=2096417,组织2023年度网格工作人员培训竞争性谈判公告,采购人：深圳市光明区凤凰街道综合治理办公室地址：深圳市光明区东坑社区东进路一号联系方式：许工，,206190
https://www.szggzy.com/jygg/details.html?contentId=2114977,“石”事“围”民——社区老年艺术培训活动（实施购买前）,未识别,42400
https://www.szggzy.com/jygg/details.html?contentId=2113833,“石”事“围”民——秀口才，展风采，少儿主持培训活动（实施购买前）,未识别,42200
https://www.szggzy.com/jygg/details.html?contentId=2094281,光明区公明街道应急管理办公室购买应急宣传教育技能培训服务采购公告,未识别,10000
https://www.szggzy.com/jygg/details.html?contentId=2096417,组织2023年度网格工作人员培训竞争性谈判公告,采购人：深圳市光明区凤凰街道综合治理办公室地址：深圳市光明区东坑社区东进路一号联系方式：许工，,206190
https://www.szggzy.com/jygg/details.html?contentId=1861977,2023年深圳市中小学教师心理健康教育B证培训招标公告,名称：深圳市教育科学研究院地址：广东省深圳市罗湖区泥岗西路,1280000.00
https://www.szggzy.com/jygg/details.html?contentId=1860712,2023年“宝安新市民教育培训宣传”节目制作项目招标公告,名称：深圳市宝安区融媒体中心地址：深圳市宝安区新安街道兴华二路,3800000.00
https://www.szggzy.com/jygg/details.html?contentId=2090737,2023年“年度教师”种子选手培训及决赛评选等工作服务采购公告,名称：深圳市宝安区融媒体中心地址：深圳市宝安区新安街道兴华二路,3
https://www.szggzy.com/jygg/details.html?contentId=2112286,公共服务办购买马田街道2023年养老护理技能培训项目服务（实施购买前）,名称：深圳市宝安区融媒体中心地址：深圳市宝安区新安街道兴华二路,22490
https://www.szggzy.com/jygg/details.html?contentId=2116122,公共服务办购买马田街道2023年电工职业技能培训项目服务（实施购买前）,名称：深圳市宝安区融媒体中心地址：深圳市宝安区新安街道兴华二路,35520
https://www.szggzy.com/jygg/details.html?contentId=2089052,深圳市光明区特殊教育学校2023年教师外出培训服务采购公告,名称：深圳市宝安区融媒体中心地址：深圳市宝安区新安街道兴华二路,60000.00
https://www.szggzy.com/jygg/details.html?contentId=2129804,2023年度大鹏新区城市更新和城中村改造业务提升培训采购询价函,未识别,3
https://www.szggzy.com/jygg/details.html?contentId=2089572,光明区民政局关于养老护理员职业技能等级培训服务项目的公告 （实施购买前）,未识别,200000
https://www.szggzy.com/jygg/details.html?contentId=2089159,公明街道公共服务办购买2023年“粤菜师傅”客家菜职业技能培训活动服务采购公告,名称：深圳市光明区公明街道办事处地址：深圳市光明区公明街道金辉路,54
https://www.szggzy.com/jygg/details.html?contentId=2134415,开展安全生产队伍建设及执法培训,名称：深圳市光明区公明街道办事处地址：深圳市光明区公明街道金辉路,188000
https://www.szggzy.com/jygg/details.html?contentId=2094855,第三方舆情信息咨询及队伍培训服务招标公告,名称：深圳市光明区教育局地址：深圳市光明区牛山路公共服务平台联系人：李老师联系方式：,370000.00
https://www.szggzy.com/jygg/details.html?contentId=2091911,莲塘街道小散工程隐患排查及安全生产宣传培训服务采购公告,名称：深圳市光明区教育局地址：深圳市光明区牛山路公共服务平台联系人：李老师联系方式：,90000.00
https://www.szggzy.com/jygg/details.html?contentId=1855678,深圳市水产品品牌标准编制及宣传培训采购项目招标公告,名称：深圳市渔业发展研究中心地址：深圳市南山区金世纪南路海洋渔业大楼十一楼联系人：肖工联系方式：,200000000000
https://www.szggzy.com/jygg/details.html?contentId=2094977,光明二中管乐团2023年度培训服务招标公告,名称：深圳市渔业发展研究中心地址：深圳市南山区金世纪南路海洋渔业大楼十一楼联系人：肖工联系方式：,200000.00
https://www.szggzy.com/jygg/details.html?contentId=2094553,广东陆丰市乡村振兴干部能力素质提升专题培训班采购公告,名称：深圳市渔业发展研究中心地址：深圳市南山区金世纪南路海洋渔业大楼十一楼联系人：肖工联系方式：,194000.00
https://www.szggzy.com/jygg/details.html?contentId=2088952,广西百色市西林县乡村振兴干部能力素质提升专题培训班采购公告,名称：深圳市渔业发展研究中心地址：深圳市南山区金世纪南路海洋渔业大楼十一楼联系人：肖工联系方式：,194000.00
https://www.szggzy.com/jygg/details.html?contentId=2126367,关于2023年大鹏新区教师培训系列活动信息公开,未识别,530000
https://www.szggzy.com/jygg/details.html?contentId=2115166,公共服务办购买马田街道2023年“粤菜师傅”职业技能培训项目服务（实施购买前）,未识别,51960
https://www.szggzy.com/jygg/details.html?contentId=2091186,福田教师综合素养提升培训项目招标公告,名称：深圳市福田区教师发展中心地址：深圳市福田区联系人：徐老师联系电话：,7400000000.00
https://www.szggzy.com/jygg/details.html?contentId=1853300,基因检测设备实训中心培训教材及数字资源库开发招标公告,名称：深圳技师学院地址：深圳市龙岗区五联社区将军帽路,1200000.00
https://www.szggzy.com/jygg/details.html?contentId=1853211,深圳职业技术学院数字化虚拟仿真牙医培训机项目采购公告,名称：深圳职业技术学院地址：深圳市留仙洞校区联系方式：,3
https://www.szggzy.com/jygg/details.html?contentId=2092107,福田区教师高质量发展梯队第一期2023年培训项目采购公告,名称：深圳市福田区教师发展中心地址：深圳市福田区联系人：徐老师联系方式：,9580000000.00
https://www.szggzy.com/jygg/details.html?contentId=2087944,2023年福田区幼儿园课程建设培训项目采购公告,名称：深圳市福田区教师发展中心地址：深圳市福田区联系人：徐老师联系电话：,3100000000.00
https://www.szggzy.com/jygg/details.html?contentId=1852327,2023年社工培训项目采购公告,名称：深圳市民政局地址：深圳市笋岗东路,200000000000
https://www.szggzy.com/jygg/details.html?contentId=1852029,深圳市深汕特别合作区组织人事局智能网联汽车专题培训班项目询价公告,名称：深圳市民政局地址：深圳市笋岗东路,550
https://www.szggzy.com/jygg/details.html?contentId=2088894,虚拟园区活动（9场企业培训需求）服务项目采购公告,名称：深圳市福田区投资推广和企业服务中心地址：福田区华富街道福科一路国际创新中心F座,400000.00
https://www.szggzy.com/jygg/details.html?contentId=2087944,2023年福田区幼儿园课程建设培训项目采购公告,名称：深圳市福田区教师发展中心地址：深圳市福田区联系人：徐老师联系电话：,3100000000.00
https://www.szggzy.com/jygg/details.html?contentId=1852327,2023年社工培训项目采购公告,名称：深圳市民政局地址：深圳市笋岗东路,200000000000
https://www.szggzy.com/jygg/details.html?contentId=2088894,虚拟园区活动（9场企业培训需求）服务项目采购公告,名称：深圳市福田区投资推广和企业服务中心地址：福田区华富街道福科一路国际创新中心F座,400000.00
https://www.szggzy.com/jygg/details.html?contentId=1850308,2023年深圳市中小学教师心理健康教育C证培训服务项目招标公告,名称：深圳市教育科学研究院地址：罗湖区泥岗西路,100000000000
https://www.szggzy.com/jygg/details.html?contentId=2115500,“鼓舞飞扬，鼓舞人心”——青少年非洲鼓培训项目,名称：深圳市教育科学研究院地址：罗湖区泥岗西路,51000
https://www.szggzy.com/jygg/details.html?contentId=2095786,购买马田街道校外培训机构和托管机构巡查服务采购公告（实施购买前）,名称：深圳市教育科学研究院地址：罗湖区泥岗西路,161920.00
https://www.szggzy.com/jygg/details.html?contentId=2117174,集团中层干部及后备人才培训项目（采购实施前）,名称：深圳市教育科学研究院地址：罗湖区泥岗西路,571200
https://www.szggzy.com/jygg/details.html?contentId=2088820,2023年福田区中小学体育教师体能教学素养提升培训项目采购公告,名称：深圳市福田区教师发展中心地址：深圳市福田彩田路,240000
https://www.szggzy.com/jygg/details.html?contentId=1847698,深圳市司法局申请律师执业人员集中培训项目采购公告(重新采购第1次),名称：深圳市司法局地址：深圳市福田区景田北路,3
https://www.szggzy.com/jygg/details.html?contentId=2088402,莲塘街道小散工程隐患排查及安全生产宣传培训服务采购公告,名称：深圳市司法局地址：深圳市福田区景田北路,95000.00
https://www.szggzy.com/jygg/details.html?contentId=2087093,2023年福田区教师培训导师学习指导力提升培训项目采购公告,名称：深圳市福田区教师发展中心地址：深圳市福田区联系人：杨老师联系方式：,5150000000.00
https://www.szggzy.com/jygg/details.html?contentId=2096727,光明区公明街道上村社区玩转乐高-儿童乐高益智培训课程采购公告,名称：深圳市福田区教师发展中心地址：深圳市福田区联系人：杨老师联系方式：,0
https://www.szggzy.com/jygg/details.html?contentId=2123790,2023年企业负责人劳动法律法规培训,名称：深圳市福田区教师发展中心地址：深圳市福田区联系人：杨老师联系方式：,56520
https://www.szggzy.com/jygg/details.html?contentId=2091472,“企聚罗湖”招商引资专题培训服务项目采购公告,名称：深圳市福田区教师发展中心地址：深圳市福田区联系人：杨老师联系方式：,500000.00
https://www.szggzy.com/jygg/details.html?contentId=2095885,光明区公明街道西田社区“舞动健康·舞动快乐”社区舞蹈培训活动项目采购公告,名称：深圳市光明区公明街道办事处地址：深圳市光明区公明街道金辉路,79112.00
https://www.szggzy.com/jygg/details.html?contentId=2090500,光明区公明街道西田社区青少年象棋培训活动项目采购公告,名称：深圳市光明区公明街道办事处地址：深圳市光明区公明街道金辉路,39281.00
https://www.szggzy.com/jygg/details.html?contentId=2091079,光明区公明街道西田社区花样年华--花艺培训项目采购公告,名称：深圳市光明区公明街道办事处地址：深圳市光明区公明街道金辉路,65938.00
https://www.szggzy.com/jygg/details.html?contentId=2089802,公明街道公共服务办购买2023年美容职业技能培训活动采购公告,名称：深圳市光明区公明街道办事处地址：深圳市光明区公明街道金辉路,60
https://www.szggzy.com/jygg/details.html?contentId=1837928,深圳市司法局申请律师执业人员集中培训项目采购公告,名称：深圳市司法局地址：深圳市福田区景田北路,3
https://www.szggzy.com/jygg/details.html?contentId=1837606,深汕特别合作区应急志愿服务队“应急第一响应人”培训服务项目询价公告,名称：深圳市司法局地址：深圳市福田区景田北路,1
https://www.szggzy.com/jygg/details.html?contentId=2115852,红星社区2023年民生微实事“中国梦·我的梦—社区青少年演讲口才培训”项目,未识别,49918
https://www.szggzy.com/jygg/details.html?contentId=1835275,福田公安分局2023年辅警培训项目竞争性谈判邀请公告,名称：深圳市公安局福田分局地址：深圳市福田区福民路,300065000000
https://www.szggzy.com/jygg/details.html?contentId=2128387,田寮社区2023年民生微实事“健体 启智 知礼—社区跆拳道培训”项目,名称：深圳市公安局福田分局地址：深圳市福田区福民路,1
https://www.szggzy.com/jygg/details.html?contentId=2089529,深圳市福田区益田小学乒乓球培训服务项目招标公告采购公告,名称：深圳市福田区益田小学地址：,199800.00
https://www.szggzy.com/jygg/details.html?contentId=1834279,核酸检测实训中心培训教材和教学资源库开发项目招标公告,名称：深圳技师学院地址：广东省深圳市龙岗区五联社区将军帽路,100000000000
https://www.szggzy.com/jygg/details.html?contentId=2095371,罗湖区退役军人事务局春季退役军人全员适应性培训采购公告,名称：深圳技师学院地址：广东省深圳市龙岗区五联社区将军帽路,180000.00
https://www.szggzy.com/jygg/details.html?contentId=2094319,综合治理办开展马田街道2023平安建设业务知识培训采购公告,名称：深圳技师学院地址：广东省深圳市龙岗区五联社区将军帽路,184200
https://www.szggzy.com/jygg/details.html?contentId=2094094,公明街道党政综合办公室（后勤）开展公明街道职工素质提升系列培训活动采购公告,名称：深圳技师学院地址：广东省深圳市龙岗区五联社区将军帽路,150000.00
https://www.szggzy.com/jygg/details.html?contentId=2095974,福田区中小学教师作业设计培训项目招标公告,名称：深圳市福田区教师发展中心地址：深圳市福田区联系人：徐老师联系电话：,5370000000
https://www.szggzy.com/jygg/details.html?contentId=1832015,辅警初任培训服务单一来源谈判邀请公告,名称：深圳市公安局轨道交通分局地址：深圳市梅林路,300068000000
https://www.szggzy.com/jygg/details.html?contentId=2091698,2023年罗湖区“三项工程”职业技能提升公益线上技能培训采购公告,未识别,60000.00
https://www.szggzy.com/jygg/details.html?contentId=2093951,2023年罗湖区“三项工程”职业技能提升互联网营销师培训采购公告,未识别,440000.00
https://www.szggzy.com/jygg/details.html?contentId=1831237,免费公众急救课程（培训）采购公告,名称：深圳市急救中心地址：深圳市福田区泥岗西路梅岗南街,27000000000.00
https://www.szggzy.com/jygg/details.html?contentId=2118989,光明区总工会2023年度培训采购公告,名称：深圳市急救中心地址：深圳市福田区泥岗西路梅岗南街,400000
https://www.szggzy.com/jygg/details.html?contentId=1830020,深汕特别合作区森林消防队伍业务技能培训服务项目询价公告,名称：深圳市急救中心地址：深圳市福田区泥岗西路梅岗南街,1
https://www.szggzy.com/jygg/details.html?contentId=1829635,深汕特别合作区应急志愿服务队“应急第一响应人”培训服务项目询价公告,名称：深圳市急救中心地址：深圳市福田区泥岗西路梅岗南街,1
https://www.szggzy.com/jygg/details.html?contentId=2119260,关于开展2023年应急管理系统培训的公告,名称：深圳市急救中心地址：深圳市福田区泥岗西路梅岗南街,193750
https://www.szggzy.com/jygg/details.html?contentId=2127887,2023年大鹏新区社区党组织书记基层治理专题培训班实施购买服务前公告,名称：深圳市急救中心地址：深圳市福田区泥岗西路梅岗南街,249000.0
https://www.szggzy.com/jygg/details.html?contentId=2090303,光明小学学生游泳培训课程服务采购公告,名称：深圳市光明区光明小学地址：深圳市光明区光明街道碧园路,320000.00
https://www.szggzy.com/jygg/details.html?contentId=2094660,罗湖区退役军人事务局退役军人全员适应性培训项目采购公告,名称：深圳市光明区光明小学地址：深圳市光明区光明街道碧园路,270000.00
https://www.szggzy.com/jygg/details.html?contentId=2118989,光明区总工会2023年度培训采购公告,未识别,400000
https://www.szggzy.com/jygg/details.html?contentId=1830020,深汕特别合作区森林消防队伍业务技能培训服务项目询价公告,未识别,1
https://www.szggzy.com/jygg/details.html?contentId=1829635,深汕特别合作区应急志愿服务队“应急第一响应人”培训服务项目询价公告,未识别,1
https://www.szggzy.com/jygg/details.html?contentId=2126539,关于政府购买光明街道2023年规下工业统计工作培训服务的公告(实施购买前),未识别,17000.0
https://www.szggzy.com/jygg/details.html?contentId=2119260,关于开展2023年应急管理系统培训的公告,未识别,193750
https://www.szggzy.com/jygg/details.html?contentId=2127887,2023年大鹏新区社区党组织书记基层治理专题培训班实施购买服务前公告,未识别,249000.0
https://www.szggzy.com/jygg/details.html?contentId=2090303,光明小学学生游泳培训课程服务采购公告,名称：深圳市光明区光明小学地址：深圳市光明区光明街道碧园路,320000.00
https://www.szggzy.com/jygg/details.html?contentId=2094660,罗湖区退役军人事务局退役军人全员适应性培训项目采购公告,名称：深圳市光明区光明小学地址：深圳市光明区光明街道碧园路,270000.00
https://www.szggzy.com/jygg/details.html?contentId=2087202,光明区“应急第一响应人”培训服务采购公告,名称：深圳市光明区光明小学地址：深圳市光明区光明街道碧园路,960000.00
https://www.szggzy.com/jygg/details.html?contentId=2093247,2023年春季外出培训活动采购公告,名称：深圳市光明区光明小学地址：深圳市光明区光明街道碧园路,45705.00
https://www.szggzy.com/jygg/details.html?contentId=1824966,警航专业人员培训（特警支队）采购公告,名称：深圳市公安局特警支队警务航空大队地址：深圳市罗湖区解放路,2400000.00
https://www.szggzy.com/jygg/details.html?contentId=2129907,关于政府购买田寮小学2023年春季班主任外出培训服务的公告(实施购买前),名称：深圳市公安局特警支队警务航空大队地址：深圳市罗湖区解放路,45705.00
https://www.szggzy.com/jygg/details.html?contentId=2126209,关于政府购买“足”够精彩，“足”梦前行，青少年足球培训服务的公告  (实施购买前),名称：深圳市公安局特警支队警务航空大队地址：深圳市罗湖区解放路,36317
https://www.szggzy.com/jygg/details.html?contentId=1822735,2023年第八批辅警初任培训服务采购项目采购公告,名称：深圳市公安局罗湖分局地址：深圳市罗沙公路,4140000.00
https://www.szggzy.com/jygg/details.html?contentId=2087986,“艺堂课”2023年光明区文化馆总分馆公益培训活动采购公告,名称：深圳市公安局罗湖分局地址：深圳市罗沙公路,1
https://www.szggzy.com/jygg/details.html?contentId=1821972,深圳市龙华区人力资源局龙华区高技能人才培训中心——现代服务实训中心运营培训服务(重新采购第1次)采购公告(重新采购第1次),名称：深圳市龙华区人力资源局地址：深圳市龙华区龙华街道清龙路,3
https://www.szggzy.com/jygg/details.html?contentId=2128654,光明区2023年“送培训进企业”公益职业技能培训服务,名称：深圳市龙华区人力资源局地址：深圳市龙华区龙华街道清龙路,350000
https://www.szggzy.com/jygg/details.html?contentId=1821554,深圳市深汕特别合作区关于2023年少先队干部培训项目询价公告,名称：深圳市龙华区人力资源局地址：深圳市龙华区龙华街道清龙路,5500000
https://www.szggzy.com/jygg/details.html?contentId=2116883,弘扬太极拳，展现我风采-凤凰社区太极拳培训活动,名称：深圳市龙华区人力资源局地址：深圳市龙华区龙华街道清龙路,44902
https://www.szggzy.com/jygg/details.html?contentId=2092544,光明区公明街道公共服务办2023年医疗护理职业技能培训活动采购公告,名称：深圳市光明区公明街道办事处地址：深圳市光明区公明街道金辉路,29560.00
https://www.szggzy.com/jygg/details.html?contentId=2112569,妙语连珠--少儿口才拓展培训项目,未识别,49000.00
https://www.szggzy.com/jygg/details.html?contentId=2113300,“筑梦精英·快乐成长”—青少年篮球培训,未识别,49000.00
https://www.szggzy.com/jygg/details.html?contentId=2127350,跟上时代的节奏，演绎未来的韵律—东坑社区青少年拉丁舞培训活动,未识别,48000.00
https://www.szggzy.com/jygg/details.html?contentId=2116788,强身健体练太极，中华文化世代传-东坑社区中老年人太极培训活动,未识别,47000.00
https://www.szggzy.com/jygg/details.html?contentId=2091586,光明区校外培训机构综合督导服务项目采购公告,名称：深圳市光明区教育局地址：深圳市光明街道牛山路,750000.00
https://www.szggzy.com/jygg/details.html?contentId=2093251,深圳市光明区外国语学校学生游泳培训课程服务公开招标项目采购公告,名称：深圳市光明区外国语学校地址：深圳市光明区凤凰街道凤凰社区丰成路,400000.00
https://www.szggzy.com/jygg/details.html?contentId=2127585,“能说会道”甲子塘社区小主持人公益培训项目,名称：深圳市光明区外国语学校地址：深圳市光明区凤凰街道凤凰社区丰成路,49000
https://www.szggzy.com/jygg/details.html?contentId=2127748,快乐成长，动力网球——甲子塘社区网球培训项目,名称：深圳市光明区外国语学校地址：深圳市光明区凤凰街道凤凰社区丰成路,49000
https://www.szggzy.com/jygg/details.html?contentId=2111186,“传承千载 弘扬太极”—甲子塘社区太极剑培训活动,名称：深圳市光明区外国语学校地址：深圳市光明区凤凰街道凤凰社区丰成路,49000
https://www.szggzy.com/jygg/details.html?contentId=2112661,“舞动青春 活力无限”-甲子塘社区“美之舞”舞蹈培训活动,名称：深圳市光明区外国语学校地址：深圳市光明区凤凰街道凤凰社区丰成路,49000
https://www.szggzy.com/jygg/details.html?contentId=2116788,强身健体练太极，中华文化世代传-东坑社区中老年人太极培训活动,未识别,47000.00
https://www.szggzy.com/jygg/details.html?contentId=2091586,光明区校外培训机构综合督导服务项目采购公告,名称：深圳市光明区教育局地址：深圳市光明街道牛山路,750000.00
https://www.szggzy.com/jygg/details.html?contentId=2093251,深圳市光明区外国语学校学生游泳培训课程服务公开招标项目采购公告,名称：深圳市光明区外国语学校地址：深圳市光明区凤凰街道凤凰社区丰成路,400000.00
https://www.szggzy.com/jygg/details.html?contentId=2127585,“能说会道”甲子塘社区小主持人公益培训项目,名称：深圳市光明区外国语学校地址：深圳市光明区凤凰街道凤凰社区丰成路,49000
https://www.szggzy.com/jygg/details.html?contentId=2127748,快乐成长，动力网球——甲子塘社区网球培训项目,名称：深圳市光明区外国语学校地址：深圳市光明区凤凰街道凤凰社区丰成路,49000
https://www.szggzy.com/jygg/details.html?contentId=2111186,“传承千载 弘扬太极”—甲子塘社区太极剑培训活动,名称：深圳市光明区外国语学校地址：深圳市光明区凤凰街道凤凰社区丰成路,49000
https://www.szggzy.com/jygg/details.html?contentId=2112661,“舞动青春 活力无限”-甲子塘社区“美之舞”舞蹈培训活动,名称：深圳市光明区外国语学校地址：深圳市光明区凤凰街道凤凰社区丰成路,49000
https://www.szggzy.com/jygg/details.html?contentId=2089751,2023年福田区中小学教师心理健康教育高级（A证）培训服务项目招标公告,名称：深圳市福田区教师发展中心地址：深圳市福田区联系人：徐老师联系电话：,2560000000.00
https://www.szggzy.com/jygg/details.html?contentId=1815825,深圳对口帮扶汕头乡村振兴“千人培训计划”项目采购公告,名称：深圳对口帮扶汕头指挥部地址：广东省汕头市金平区跃进路,4
https://www.szggzy.com/jygg/details.html?contentId=2113030,关于购买光明区校外培训机构综合督导服务项目的公告（实施购买前）,名称：深圳对口帮扶汕头指挥部地址：广东省汕头市金平区跃进路,750000
https://www.szggzy.com/jygg/details.html?contentId=2113030,关于购买光明区校外培训机构综合督导服务项目的公告（实施购买前）,未识别,750000
https://www.szggzy.com/jygg/details.html?contentId=2090598,2023年度福田区中小幼总务主任业务提升培训项目采购公告,名称：深圳市福田区教师发展中心地址：深圳市福田彩田路,298000.0
https://www.szggzy.com/jygg/details.html?contentId=1814953,深圳市龙华区人力资源局龙华区高技能人才培训中心——人工智能实训中心运营培训服务（重新采购第一次）采购公告,名称：深圳市龙华区人力资源局地址：深圳市龙华区龙华街道清龙路,3
https://www.szggzy.com/jygg/details.html?contentId=1814262,深圳市龙华区人力资源局龙华区高技能人才培训中心——现代服务实训中心运营培训服务采购公告,名称：深圳市龙华区人力资源局地址：深圳市龙华区龙华街道清龙路,3
https://www.szggzy.com/jygg/details.html?contentId=2119745,“翰墨飘香伴成长”塘家社区青少年书法培训,名称：深圳市龙华区人力资源局地址：深圳市龙华区龙华街道清龙路,40900
https://www.szggzy.com/jygg/details.html?contentId=2133949,“急救进万家”社区急救队伍培训,名称：深圳市龙华区人力资源局地址：深圳市龙华区龙华街道清龙路,49800
https://www.szggzy.com/jygg/details.html?contentId=1812511,深圳市龙华区应急管理局安全生产宣传教育培训采购公告,名称：深圳市龙华区应急管理局地址：深圳市龙华区龙华街道富康行政服务办公区A座,3
https://www.szggzy.com/jygg/details.html?contentId=2091623,黄贝街道2023年应急联动培训服务项目采购公告,名称：深圳市龙华区应急管理局地址：深圳市龙华区龙华街道富康行政服务办公区A座,289000.00
https://www.szggzy.com/jygg/details.html?contentId=1811925,龙华区2023年公益艺术培训项目招标公告,名称：深圳市龙华区文化广电旅游体育局地址：深圳市龙华区龙华街道富康行政服务办公区项目联系人田工联系方式,1700000.00
https://www.szggzy.com/jygg/details.html?contentId=1811684,建筑从业人员安全教育培训（2023年度）采购公告(重新采购第1次),名称：深圳市住房和建设局地址：深圳市福田区振华路,3
https://www.szggzy.com/jygg/details.html?contentId=2090531,福田区校外教育培训监管平台及服务项目招标公告,：名称：深圳市福田区教育局地址：深圳市福田区新洲九街福田区教育局联系方式：何老师,9000000000
https://www.szggzy.com/jygg/details.html?contentId=1809551,2023年教师培训室改造项目招标公告,名称：深圳艺术学校地址：深圳市南山区南山大道,633928
https://www.szggzy.com/jygg/details.html?contentId=2113570,关于政府购买2023年光明街道“广东技工”工程就业技能培训项目服务的公告(实施购买前),名称：深圳艺术学校地址：深圳市南山区南山大道,175154
https://www.szggzy.com/jygg/details.html?contentId=2116220,关于开展2023年用电安全和机械伤害实操培训的公告（实施购买前）,名称：深圳艺术学校地址：深圳市南山区南山大道,38500
https://www.szggzy.com/jygg/details.html?contentId=2128543,2022-2023学年第二学期学生硬笔书法培训项目,名称：深圳艺术学校地址：深圳市南山区南山大道,60000
https://www.szggzy.com/jygg/details.html?contentId=2120510,2022-2023学年第二学期学生围棋培训项目,名称：深圳艺术学校地址：深圳市南山区南山大道,70000
https://www.szggzy.com/jygg/details.html?contentId=2130020,关于2023年大鹏新区国有企业和股份合作 公司管理人员培训服务信息公开,名称：深圳艺术学校地址：深圳市南山区南山大道,350000
https://www.szggzy.com/jygg/details.html?contentId=1807055,深圳对口帮扶汕头乡村振兴“千人培训计划”项目采购公告,名称：深圳对口帮扶汕头指挥部地址：广东省汕头市金平区跃进路,3
https://www.szggzy.com/jygg/details.html?contentId=2111911,关于政府购买“中国梦·我的梦” —社区青少年演讲口才培训项目项目服务的公告,名称：深圳对口帮扶汕头指挥部地址：广东省汕头市金平区跃进路,39578
https://www.szggzy.com/jygg/details.html?contentId=2111868,关于政府购买“以手为媒 静品花语”花艺培训项目服务的公告,名称：深圳对口帮扶汕头指挥部地址：广东省汕头市金平区跃进路,44836
https://www.szggzy.com/jygg/details.html?contentId=2116220,关于开展2023年用电安全和机械伤害实操培训的公告（实施购买前）,未识别,38500
https://www.szggzy.com/jygg/details.html?contentId=2128543,2022-2023学年第二学期学生硬笔书法培训项目,未识别,60000
https://www.szggzy.com/jygg/details.html?contentId=2120510,2022-2023学年第二学期学生围棋培训项目,未识别,70000
https://www.szggzy.com/jygg/details.html?contentId=2130020,关于2023年大鹏新区国有企业和股份合作 公司管理人员培训服务信息公开,未识别,350000
https://www.szggzy.com/jygg/details.html?contentId=1807055,深圳对口帮扶汕头乡村振兴“千人培训计划”项目采购公告,名称：深圳对口帮扶汕头指挥部地址：广东省汕头市金平区跃进路,3
https://www.szggzy.com/jygg/details.html?contentId=2111911,关于政府购买“中国梦·我的梦” —社区青少年演讲口才培训项目项目服务的公告,名称：深圳对口帮扶汕头指挥部地址：广东省汕头市金平区跃进路,39578
https://www.szggzy.com/jygg/details.html?contentId=2111868,关于政府购买“以手为媒 静品花语”花艺培训项目服务的公告,名称：深圳对口帮扶汕头指挥部地址：广东省汕头市金平区跃进路,44836
https://www.szggzy.com/jygg/details.html?contentId=2132258,关于政府购买“这就是街舞”---青少年街舞培训班项目服务的公告(实施购买前),名称：深圳对口帮扶汕头指挥部地址：广东省汕头市金平区跃进路,38610
https://www.szggzy.com/jygg/details.html?contentId=2125083,关于政府购买飞“岩”走壁，精彩无限-青少年儿童攀岩培训活动项目服务的公告,名称：深圳对口帮扶汕头指挥部地址：广东省汕头市金平区跃进路,59741
https://www.szggzy.com/jygg/details.html?contentId=2131546,关于政府购买增强防溺能力，绽放生命光芒-迳口社区游泳培训项目服务的公告(实施购买前),名称：深圳对口帮扶汕头指挥部地址：广东省汕头市金平区跃进路,59917
https://www.szggzy.com/jygg/details.html?contentId=1804233,第二届深汕教育论坛及强师工程（二期）培训项目询价公告,未识别,1
https://www.szggzy.com/jygg/details.html?contentId=2135777,关于政府购买白花社区“笔墨丹青 书写人生--书法培训项目”项目服务的公告(实施购买前),未识别,48815
https://www.szggzy.com/jygg/details.html?contentId=1803345,深圳市龙华区应急管理局龙华区“第一响应人”培训考核项目采购公告,名称：深圳市龙华区应急管理局地址：深圳市龙华区富康行政服务办公区联系方式：宫工,3
https://www.szggzy.com/jygg/details.html?contentId=2088066,深圳市福田区实验教育集团翰林学校项目式学习专项培训项目招标公告,名称：深圳市福田区实验教育集团翰林学校地址：深圳市福田区梅东三路,200000.00
https://www.szggzy.com/jygg/details.html?contentId=2096495,深圳市福田区实验教育集团侨香学校项目式教师专项学习培训项目招标公告,名称：深圳市福田区实验教育集团侨香学校地址：深圳市福田区安托山九路,220000.00
https://www.szggzy.com/jygg/details.html?contentId=2128301,2023年开展凤凰街道“技能光明行动”培训活动,名称：深圳市福田区实验教育集团侨香学校地址：深圳市福田区安托山九路,80000
https://www.szggzy.com/jygg/details.html?contentId=1801899,建筑从业人员安全教育培训（2023年度）采购公告,名称：深圳市住房和建设局地址：深圳市福田区振华路,3
https://www.szggzy.com/jygg/details.html?contentId=2115053,南方科技大学附属光明凤凰学校学生足球培训项目,名称：深圳市住房和建设局地址：深圳市福田区振华路,159500
https://www.szggzy.com/jygg/details.html?contentId=2093913,福田区2023年入职教师岗前通识远程培训服务项目采购招标公告,名称：深圳市福田区教师发展中心地址：深圳市福田区联系人：徐老师联系方式：,3200000000.00
https://www.szggzy.com/jygg/details.html?contentId=2121407,2023年凤凰街道“南粤家政”培训活动,名称：深圳市福田区教师发展中心地址：深圳市福田区联系人：徐老师联系方式：,70000
https://www.szggzy.com/jygg/details.html?contentId=2121041,2023年凤凰街道“粤菜师傅”职业技能培训活动,未识别,80000
https://www.szggzy.com/jygg/details.html?contentId=2136190,2023年开展凤凰街道“技能光明行动”培训活动,未识别,80000
https://www.szggzy.com/jygg/details.html?contentId=1801079,深汕特别合作区2023年“应急第一响应人”培训考核项目询价公告,未识别,1000
https://www.szggzy.com/jygg/details.html?contentId=2131539,2022-2023学年第二学期学生网球社团培训项目,未识别,7
https://www.szggzy.com/jygg/details.html?contentId=2126424,关于2023年度大鹏新区“文化超市”公益培训进社区项目信息公开,未识别,480000
https://www.szggzy.com/jygg/details.html?contentId=2116376,光明区公明街道公共服务办2023年公明街道母婴、养老护理技能培训活动服务,未识别,95320.00
https://www.szggzy.com/jygg/details.html?contentId=2112820,公明一小2022-2023学年三年级游泳培训服务,未识别,120000
https://www.szggzy.com/jygg/details.html?contentId=2125144,关于采购2023年大鹏新区应急管理系统相关培训项目信息公开,未识别,1
https://www.szggzy.com/jygg/details.html?contentId=2112068,关于采购2023年大鹏新区应急管理系统相关培训项目信息公开,未识别,1
https://www.szggzy.com/jygg/details.html?contentId=1796174,深圳市龙华区人力资源局龙华区高技能人才培训中心——人工智能实训中心运营培训服务采购公告,名称：深圳市龙华区人力资源局地址：深圳市龙华区龙华街道清龙路,3
https://www.szggzy.com/jygg/details.html?contentId=2126424,关于2023年度大鹏新区“文化超市”公益培训进社区项目信息公开,未识别,480000
https://www.szggzy.com/jygg/details.html?contentId=2116376,光明区公明街道公共服务办2023年公明街道母婴、养老护理技能培训活动服务,未识别,95320.00
https://www.szggzy.com/jygg/details.html?contentId=2112820,公明一小2022-2023学年三年级游泳培训服务,未识别,120000
https://www.szggzy.com/jygg/details.html?contentId=2125144,关于采购2023年大鹏新区应急管理系统相关培训项目信息公开,未识别,1
https://www.szggzy.com/jygg/details.html?contentId=2112068,关于采购2023年大鹏新区应急管理系统相关培训项目信息公开,未识别,1
https://www.szggzy.com/jygg/details.html?contentId=1796174,深圳市龙华区人力资源局龙华区高技能人才培训中心——人工智能实训中心运营培训服务采购公告,名称：深圳市龙华区人力资源局地址：深圳市龙华区龙华街道清龙路,3
https://www.szggzy.com/jygg/details.html?contentId=2116609,关于购买2023年大鹏新区工贸企业三级责任人安全生产培训项目信息发布,名称：深圳市龙华区人力资源局地址：深圳市龙华区龙华街道清龙路,3
https://www.szggzy.com/jygg/details.html?contentId=2113956,关于采购2023年大鹏新区“应急第一响应人”培训考核项目的信息发布,名称：深圳市龙华区人力资源局地址：深圳市龙华区龙华街道清龙路,320000
https://www.szggzy.com/jygg/details.html?contentId=2122368,关于政府购买2023年光明街道“南粤家政”工程技能培训服务项目的公告(实施购买前),名称：深圳市龙华区人力资源局地址：深圳市龙华区龙华街道清龙路,150000
https://www.szggzy.com/jygg/details.html?contentId=1794153,2023年深圳市深汕特别合作区团干部培训项目询价公告（服务类）,名称：深圳市龙华区人力资源局地址：深圳市龙华区龙华街道清龙路,4000000
https://www.szggzy.com/jygg/details.html?contentId=2111921,南方科技大学附属光明凤凰学校2023年学生国际象棋社团培训项目,未识别,6
https://www.szggzy.com/jygg/details.html?contentId=2124189,南方科技大学附属光明凤凰学校2023年学生形体社团培训项目,未识别,6
https://www.szggzy.com/jygg/details.html?contentId=1783546,2023年深圳市干部专业化培训项目采购公告,名称：中共深圳市委组织部地址：深南中路市委大院前楼五楼联系方式：,3
https://www.szggzy.com/jygg/details.html?contentId=1781672,2023年深圳市干部专业化培训项目意见征集公告,名称：中共深圳市委组织部地址：深南中路市委大院前楼五楼联系方式：,6
https://www.szggzy.com/jygg/details.html?contentId=2114332,开展工贸企业复工复产安全教育培训项目,名称：中共深圳市委组织部地址：深南中路市委大院前楼五楼联系方式：,100000
https://www.szggzy.com/jygg/details.html?contentId=1781974,福田区教育局校外培训机构日常管理和巡查采购公告(重新采购第1次),名称：深圳市福田区教育局地址：深圳市福田区新洲九街,3
